,filename,x1,y1,x2,y2,x3,y3,x4,y4,x5,y5,x6,y6,x7,y7,x8,y8,x9,y9,x10,y10,x11,y11,x12,y12,x13,y13,x14,y14
0,00008.jpg,46,22,50,16,56,16,58,20,46,30,46,28,48,28,53,27,54,27,56,28,56,37,46,64,52,60,53,63
1,00014.jpg,3,41,20,27,45,16,67,9,10,43,18,38,25,36,51,27,57,21,66,18,49,45,39,67,56,60,71,53
2,00015.jpg,74,20,59,16,45,15,27,15,68,26,62,25,57,25,41,24,36,22,30,22,48,44,54,62,45,61,34,59
3,00017.jpg,17,25,33,23,50,19,66,17,24,32,31,30,36,30,53,29,58,26,64,25,45,50,38,67,48,66,60,64
4,00023.jpg,36,22,43,21,49,19,50,17,39,30,41,29,43,29,49,28,50,26,50,25,51,50,46,64,51,64,53,62
5,00029.jpg,55,23,54,24,52,22,51,18,54,30,54,29,52,30,50,28,50,26,49,25,47,54,47,63,44,65,43,61
6,00031.jpg,66,19,54,18,40,18,18,20,63,28,57,28,53,28,37,28,30,27,22,28,58,44,60,64,54,63,39,65
7,00033.jpg,50,18,61,23,66,28,80,35,48,26,52,26,55,30,63,35,68,35,73,38,48,49,34,55,40,60,46,61
8,00037.jpg,23,23,35,22,52,19,70,16,28,30,33,30,37,29,56,28,62,26,69,25,44,52,40,65,50,66,63,62
9,00044.jpg,22,17,45,20,64,23,83,26,26,25,35,26,42,28,62,31,70,31,77,32,49,52,29,60,45,65,58,64
10,00050.jpg,5,33,26,27,50,19,68,11,12,38,20,36,28,34,52,29,57,24,66,21,49,53,36,69,52,66,66,60
11,00063.jpg,14,23,36,21,56,21,74,17,21,28,29,28,36,28,55,28,61,26,69,25,49,53,33,65,49,66,60,63
12,00065.jpg,16,22,33,20,54,18,75,18,21,30,28,29,34,29,56,28,63,27,71,27,44,47,33,67,47,66,61,65
13,00069.jpg,24,19,42,21,56,23,72,22,29,27,35,28,41,29,55,30,60,29,67,30,50,54,37,65,49,67,56,66
14,00079.jpg,26,20,40,20,53,20,68,20,30,28,36,28,40,29,54,30,59,28,64,29,46,50,37,66,47,66,55,66
15,00080.jpg,50,17,61,17,69,20,86,24,46,25,51,25,53,27,66,31,71,31,77,33,49,38,27,55,37,57,45,61
16,00084.jpg,22,19,47,19,64,19,75,20,28,27,35,27,42,28,59,29,63,28,68,29,60,49,36,66,53,65,55,67
17,00088.jpg,35,20,45,21,53,22,62,20,37,28,41,28,44,29,52,30,55,28,59,28,47,52,41,65,46,66,51,65
18,00090.jpg,21,23,38,21,54,19,68,18,27,30,33,29,39,30,54,30,59,28,65,28,51,50,40,67,51,67,60,66
19,00093.jpg,20,13,44,19,68,26,89,31,24,21,33,23,42,27,67,34,75,34,83,37,47,52,27,56,44,63,60,65
20,00101.jpg,12,19,33,20,60,22,84,21,17,27,27,28,34,29,61,30,70,29,79,30,45,52,30,65,46,66,63,67
21,00102.jpg,11,18,35,22,60,24,83,23,17,26,26,27,34,29,60,31,68,29,77,30,49,55,29,64,47,67,63,66
22,00106.jpg,5,34,24,24,51,16,70,11,11,38,19,35,27,33,53,25,60,21,68,19,51,45,37,64,55,59,69,53
23,00107.jpg,23,23,29,22,31,21,28,24,32,30,34,30,36,32,38,33,36,31,35,33,47,41,59,55,59,55,60,57
24,00110.jpg,7,30,24,24,49,17,75,12,13,36,20,33,27,32,54,26,62,23,72,21,40,48,31,67,48,64,67,59
25,00121.jpg,12,33,31,27,43,20,48,13,22,39,29,37,34,36,45,28,47,24,50,22,52,51,49,69,56,65,61,60
26,00124.jpg,15,21,29,22,41,21,50,21,18,30,24,29,29,30,42,30,45,29,48,29,33,53,26,63,34,66,43,63
27,00132.jpg,26,23,38,22,50,20,61,19,31,30,36,29,39,29,52,28,55,26,59,26,47,50,41,63,50,64,58,61
28,00135.jpg,15,23,37,19,57,18,73,18,22,29,30,28,36,28,57,28,62,27,69,27,54,47,37,65,52,65,63,64
29,00144.jpg,14,18,37,20,60,21,82,22,20,27,29,27,36,29,60,30,69,29,77,30,49,51,30,62,48,65,62,64
30,00149.jpg,38,21,49,19,54,18,54,18,42,29,44,28,47,29,51,28,51,26,52,26,60,47,48,66,57,65,54,65
31,00151.jpg,7,20,28,22,57,21,83,18,12,28,20,28,29,29,58,29,68,27,78,26,43,52,26,65,46,66,66,64
32,00156.jpg,30,22,50,18,59,17,65,19,36,30,41,29,46,29,57,29,60,27,63,28,60,44,46,66,56,64,58,65
33,00157.jpg,24,25,33,27,37,26,35,23,33,32,36,32,39,34,41,34,41,32,41,32,52,51,57,62,59,63,61,61
34,00167.jpg,14,29,29,24,48,18,66,14,21,36,28,34,33,33,53,28,59,25,65,24,44,50,40,71,51,67,63,64
35,00168.jpg,26,17,48,20,58,22,71,22,30,25,37,26,42,27,56,29,60,29,65,29,52,53,33,62,45,66,50,64
36,00177.jpg,23,18,41,20,59,22,77,22,26,27,33,28,40,29,58,31,65,30,72,30,47,52,33,65,47,67,59,66
37,00179.jpg,60,22,54,18,49,17,35,17,58,30,54,29,52,29,46,27,42,27,37,27,57,45,53,66,52,64,43,65
38,00181.jpg,30,18,45,20,57,22,72,24,33,26,38,27,42,28,57,30,61,30,67,31,47,51,34,61,45,65,54,63
39,00185.jpg,21,21,39,21,55,21,70,19,27,29,33,28,39,29,55,29,60,27,66,28,51,51,38,66,50,67,58,65
40,00198.jpg,3,23,26,17,53,9,82,5,9,29,19,26,28,25,57,17,66,13,78,11,47,41,34,58,49,54,70,47
41,00199.jpg,34,23,44,23,48,21,48,16,38,30,41,29,43,29,46,27,47,25,48,24,50,53,43,65,48,65,49,61
42,00208.jpg,17,23,36,22,53,21,69,19,24,29,32,29,38,30,54,30,59,27,66,27,52,51,40,64,53,65,61,64
43,00221.jpg,43,21,46,20,52,20,57,19,43,29,44,29,46,29,51,29,53,28,55,28,48,50,44,64,47,64,50,63
44,00227.jpg,43,21,42,20,43,17,42,15,42,29,42,28,43,28,44,26,44,24,43,23,39,50,42,65,42,65,43,62
45,00228.jpg,16,24,35,22,54,19,70,17,23,32,30,31,36,31,56,29,61,27,68,27,51,49,40,69,52,67,62,66
46,00230.jpg,43,23,47,21,51,20,51,20,44,30,45,29,46,30,50,29,51,28,52,28,50,50,46,65,49,65,50,63
47,00233.jpg,40,24,39,22,39,21,33,19,42,32,42,31,42,31,42,30,41,28,38,28,46,50,52,68,51,67,51,66
48,00239.jpg,20,20,39,19,57,21,75,21,25,28,32,28,38,29,57,29,63,28,71,29,49,50,35,66,49,66,59,66
49,00240.jpg,26,20,40,21,54,22,69,21,30,28,35,28,40,29,55,30,60,28,66,29,46,53,37,65,47,67,57,66
50,00245.jpg,20,22,36,22,55,21,72,19,25,30,31,30,37,31,56,30,62,28,68,28,47,53,36,69,49,68,59,67
51,00247.jpg,44,22,45,18,50,17,50,16,44,29,44,28,45,28,50,27,51,26,52,25,47,45,45,65,47,63,50,62
52,00248.jpg,11,19,37,21,61,23,83,22,17,27,26,27,35,29,60,30,69,28,78,29,52,55,30,65,49,67,63,65
53,00251.jpg,9,21,32,20,61,21,83,20,15,26,24,26,32,27,60,29,68,27,78,27,50,52,28,64,50,66,66,65
54,00254.jpg,12,29,29,25,47,19,65,13,20,35,27,32,33,32,51,27,56,23,63,22,46,50,39,66,51,63,63,59
55,00259.jpg,26,23,40,19,51,18,59,19,31,30,36,29,40,29,52,28,55,27,59,27,52,47,43,65,52,64,58,63
56,00263.jpg,29,16,45,20,59,24,76,26,32,24,38,25,42,28,58,31,63,31,70,33,48,52,33,61,45,65,54,65
57,00272.jpg,76,27,66,23,58,21,49,22,69,33,64,31,61,32,53,30,51,29,47,29,50,47,44,64,42,64,35,62
58,00279.jpg,11,18,35,17,62,19,85,22,17,26,25,26,34,27,61,29,70,28,79,29,48,49,29,64,48,65,64,66
59,00290.jpg,27,21,44,20,56,19,62,18,33,28,38,28,42,28,53,29,56,27,60,27,56,51,43,67,53,67,56,67
60,00292.jpg,25,22,39,21,50,20,59,18,31,29,36,28,39,29,50,28,53,27,57,27,48,50,40,64,47,65,54,63
61,00293.jpg,25,15,44,19,64,22,84,25,27,25,34,26,42,29,62,31,70,31,78,33,47,49,29,62,44,65,57,67
62,00296.jpg,30,21,40,22,51,22,64,22,34,29,38,29,41,30,53,30,57,29,61,29,46,54,40,68,48,69,55,68
63,00297.jpg,9,20,32,19,61,20,85,20,15,27,24,27,32,28,62,29,72,27,81,28,48,51,28,67,49,68,67,67
64,00303.jpg,19,26,37,23,48,20,55,17,27,33,33,31,38,31,49,29,51,26,55,26,53,49,44,65,54,64,60,61
65,00308.jpg,15,27,34,26,53,24,71,20,21,34,29,33,35,33,55,32,61,29,68,29,50,58,38,71,53,72,64,68
66,00315.jpg,50,21,49,20,49,20,43,18,48,28,47,28,47,28,47,28,45,27,43,27,49,50,43,64,45,66,43,63
67,00319.jpg,6,38,20,30,46,17,65,8,13,42,19,38,26,36,52,26,59,20,66,17,47,52,43,69,57,64,72,56
68,00323.jpg,15,30,33,22,49,17,63,16,22,37,29,34,35,33,51,29,56,26,62,26,50,43,42,66,53,62,62,60
69,00324.jpg,12,25,34,22,56,19,74,15,19,31,28,30,34,30,57,28,63,25,70,24,52,53,37,68,51,67,64,64
70,00325.jpg,19,19,39,20,58,20,79,21,23,28,32,29,38,29,59,30,67,29,75,29,46,51,32,62,46,65,63,63
71,00333.jpg,7,20,34,20,64,21,86,19,13,27,23,27,32,28,62,29,71,28,80,28,54,53,29,68,52,68,65,67
72,00346.jpg,28,19,46,20,61,22,75,25,32,27,38,27,43,29,60,31,64,31,70,32,49,50,34,63,46,66,55,65
73,00351.jpg,32,20,44,21,54,22,66,22,35,28,40,28,44,29,53,30,57,29,62,30,47,51,38,62,45,64,52,63
74,00354.jpg,10,22,35,19,59,18,78,17,17,28,26,27,34,28,59,28,66,26,74,26,54,47,34,66,54,65,67,64
75,00367.jpg,28,48,28,43,23,41,16,38,38,47,37,44,37,44,32,42,29,40,26,40,50,47,67,49,65,50,61,47
76,00371.jpg,17,21,35,20,57,18,74,17,22,29,29,29,35,28,58,27,64,26,72,25,48,49,34,68,51,67,63,66
77,00373.jpg,9,34,29,27,48,19,60,13,17,38,24,35,32,34,50,29,54,24,60,22,57,51,45,67,61,64,68,59
78,00380.jpg,26,19,44,21,59,22,78,21,31,28,38,28,43,29,59,30,66,29,73,30,49,54,36,64,47,67,57,65
79,00381.jpg,59,21,55,19,53,18,47,19,55,28,52,27,51,27,50,28,49,27,46,27,50,47,45,64,45,64,42,63
80,00393.jpg,20,17,40,20,62,23,81,24,24,26,31,27,39,29,61,31,68,30,75,31,49,53,31,63,47,66,61,66
81,00401.jpg,10,18,36,19,63,21,83,20,16,26,24,27,33,28,62,29,70,28,78,28,53,52,30,67,51,68,66,67
82,00408.jpg,22,28,35,23,47,19,56,17,28,34,33,32,37,32,49,29,52,26,56,25,47,48,42,65,50,64,58,61
83,00410.jpg,9,17,36,19,65,23,87,24,15,25,25,26,34,28,63,31,73,31,82,32,51,52,27,65,49,67,64,68
84,00414.jpg,62,24,51,22,47,20,37,19,58,32,54,31,51,31,46,30,43,29,39,28,49,50,51,69,48,68,45,68
85,00418.jpg,27,22,37,21,48,19,58,18,31,30,35,29,38,29,49,28,53,27,56,26,42,49,38,64,44,65,53,63
86,00420.jpg,19,23,36,20,53,19,70,20,25,31,31,30,36,30,55,29,60,28,67,28,47,47,37,67,50,66,60,66
87,00422.jpg,17,18,37,22,59,24,79,23,22,27,30,28,37,29,58,31,66,30,74,31,48,55,32,65,48,68,60,67
88,00425.jpg,22,25,38,21,50,19,57,16,28,31,33,30,38,29,51,27,53,25,56,24,51,49,41,66,50,65,57,62
89,00426.jpg,31,22,41,21,51,20,59,19,35,30,39,29,42,30,51,29,53,28,56,28,49,50,41,66,48,65,52,65
90,00432.jpg,66,22,59,19,52,19,42,19,60,30,57,29,55,29,49,29,46,28,42,28,52,45,49,64,47,63,41,63
91,00437.jpg,17,23,36,22,56,20,77,19,22,29,30,29,36,29,58,29,65,27,73,27,44,53,33,65,46,67,63,64
92,00439.jpg,17,26,39,23,53,20,59,16,25,32,32,31,39,31,51,28,53,26,57,24,55,53,41,67,52,66,56,61
93,00445.jpg,22,23,38,24,50,22,58,19,28,31,33,30,38,31,50,29,53,27,57,26,52,53,42,65,52,66,58,62
94,00447.jpg,19,21,40,21,56,21,73,18,25,28,33,28,38,29,56,28,61,27,68,27,50,51,38,66,49,66,58,65
95,00453.jpg,10,32,29,23,48,17,63,13,18,38,25,35,32,34,50,28,55,24,62,23,49,48,40,67,52,63,64,59
96,00465.jpg,21,16,39,20,58,22,79,24,25,26,33,27,39,28,59,31,66,31,74,32,43,52,31,62,43,66,60,65
97,00468.jpg,11,29,31,21,48,16,60,13,19,35,26,32,33,31,50,27,54,24,60,22,50,43,41,67,53,62,63,60
98,00469.jpg,34,23,40,22,48,20,53,20,37,30,39,29,42,30,50,30,52,28,54,29,49,51,47,66,51,67,56,65
99,00471.jpg,74,25,58,19,46,17,27,14,66,31,59,29,55,29,43,26,38,24,31,23,47,48,50,70,44,67,34,65
100,00472.jpg,17,15,42,18,65,24,85,29,22,23,31,25,39,28,63,33,71,34,79,36,48,51,27,62,45,66,58,67
101,00473.jpg,17,26,35,23,51,19,68,14,25,32,33,31,38,30,54,27,60,24,67,22,52,53,45,65,56,65,66,60
102,00476.jpg,18,23,36,22,54,21,69,18,24,30,30,30,36,30,55,29,60,27,66,27,49,52,36,67,49,67,60,65
103,00486.jpg,22,22,38,20,53,20,68,19,27,29,33,28,38,29,54,29,59,28,65,28,47,49,38,66,48,66,58,65
104,00491.jpg,33,20,43,20,54,21,65,21,35,28,39,28,42,29,54,29,58,29,62,29,47,51,39,66,46,67,53,66
105,00501.jpg,24,21,38,21,52,20,66,21,28,29,33,28,38,29,54,29,58,28,63,28,47,51,37,64,49,66,59,63
106,00505.jpg,50,21,51,20,52,19,53,17,49,29,49,28,49,29,50,27,51,26,52,26,50,50,46,65,46,65,46,63
107,00506.jpg,30,19,41,19,54,20,68,22,32,27,37,27,40,28,55,30,59,29,64,30,45,49,37,64,45,66,55,65
108,00530.jpg,10,30,28,25,49,19,68,14,18,36,26,33,32,33,53,28,59,24,66,23,48,52,38,68,53,66,66,61
109,00534.jpg,28,21,41,21,52,20,62,20,32,29,37,29,41,29,52,29,55,28,60,28,49,50,40,64,48,65,54,64
110,00535.jpg,64,18,53,17,44,15,34,14,60,25,56,24,53,24,43,23,40,21,37,20,47,46,52,58,46,59,42,56
111,00538.jpg,23,24,41,19,55,17,66,18,28,31,35,30,40,28,54,27,58,27,63,27,52,48,38,67,49,66,55,64
112,00544.jpg,31,21,43,20,52,20,58,20,35,29,39,28,42,29,52,29,54,28,57,28,53,51,44,68,52,67,55,67
113,00549.jpg,46,24,56,22,63,19,70,16,46,32,49,31,51,31,60,29,63,27,66,26,56,51,43,67,50,66,54,64
114,00553.jpg,11,25,32,20,57,17,80,14,17,33,26,30,34,29,60,26,68,24,76,23,51,46,35,68,53,65,67,63
115,00555.jpg,22,18,40,19,58,21,75,22,26,27,33,27,39,28,57,30,63,29,70,30,50,53,35,66,50,68,60,67
116,00561.jpg,10,45,24,30,39,19,45,12,19,46,25,41,30,39,45,28,47,22,50,20,53,45,52,65,61,59,68,51
117,00565.jpg,30,20,45,21,58,22,72,23,33,28,38,29,43,30,57,31,62,30,68,31,48,52,36,67,46,69,54,69
118,00576.jpg,56,19,52,19,47,19,38,21,54,28,52,27,51,28,46,29,44,28,41,29,52,47,51,65,50,65,45,65
119,00577.jpg,11,18,34,20,59,22,82,19,17,27,26,27,34,28,59,29,68,27,77,28,49,56,30,66,50,68,63,66
120,00584.jpg,32,21,48,17,60,17,65,18,36,29,40,28,45,28,57,27,59,26,62,27,61,46,44,70,56,68,58,69
121,00586.jpg,16,21,35,19,57,18,76,18,22,30,29,29,35,29,58,29,65,27,73,28,48,49,34,70,50,68,62,69
122,00589.jpg,21,22,35,21,49,21,63,18,27,29,32,28,37,29,52,29,57,26,62,26,47,51,40,65,51,66,61,64
123,00598.jpg,26,20,47,19,62,19,71,20,31,29,37,29,43,29,59,31,63,29,67,29,60,50,42,70,56,68,60,70
124,00599.jpg,48,19,49,19,49,19,43,20,48,28,47,27,47,28,47,28,46,28,44,28,52,49,48,65,50,66,47,65
125,00604.jpg,10,24,30,22,56,18,76,15,16,32,23,31,30,30,58,28,65,25,74,24,49,51,33,70,52,68,67,66
126,00611.jpg,45,20,50,19,53,18,51,19,46,29,47,28,48,29,51,28,51,27,51,27,54,48,48,66,51,66,50,65
127,00613.jpg,5,21,30,18,65,19,89,19,10,29,20,28,29,28,67,29,77,27,85,28,53,50,27,70,52,69,71,70
128,00622.jpg,32,18,46,18,58,21,69,26,35,26,39,26,42,28,57,31,60,31,64,33,49,45,36,62,46,64,54,66
129,00624.jpg,16,21,37,16,58,16,75,19,22,30,29,28,36,28,59,28,64,27,71,28,52,42,35,67,50,64,61,66
130,00625.jpg,25,20,37,19,51,20,66,21,29,28,34,28,38,28,53,29,57,29,63,30,43,49,38,67,45,67,56,68
131,00626.jpg,16,17,39,22,61,25,82,23,21,24,29,26,38,28,59,31,68,30,76,31,46,55,30,65,46,67,58,68
132,00654.jpg,22,17,42,19,60,22,80,24,26,25,34,26,40,28,60,30,67,30,74,31,48,52,32,62,46,66,59,65
133,00655.jpg,20,21,36,21,54,20,71,19,25,29,31,29,36,29,56,28,61,27,67,27,45,51,34,67,47,67,59,66
134,00676.jpg,49,22,55,22,62,22,71,24,46,30,48,30,50,31,58,32,62,31,65,33,49,48,36,63,43,64,48,64
135,00681.jpg,15,21,40,18,60,18,77,20,20,28,29,27,36,27,60,28,66,28,73,29,56,47,35,69,53,68,63,69
136,00683.jpg,46,24,51,21,54,20,56,20,46,31,47,29,48,30,53,29,54,27,55,28,51,49,45,64,48,64,49,62
137,00691.jpg,26,25,39,23,51,21,60,17,31,32,36,31,40,31,52,29,55,26,59,26,48,52,41,67,49,66,55,63
138,00696.jpg,23,18,42,20,57,21,76,23,27,26,35,27,40,28,57,29,63,29,70,30,47,51,33,64,46,66,56,66
139,00701.jpg,18,21,39,21,59,21,79,20,24,29,32,29,39,29,59,30,66,29,74,29,48,53,35,65,48,66,61,64
140,00705.jpg,35,20,47,19,59,21,73,24,36,28,40,29,44,29,57,30,63,31,68,32,44,47,33,66,41,66,49,67
141,00706.jpg,7,27,27,21,57,17,84,13,12,35,21,34,29,32,62,27,72,25,81,24,45,48,34,69,53,66,72,64
142,00710.jpg,23,22,37,20,48,20,61,18,29,29,35,28,38,29,51,28,54,27,59,27,47,50,41,65,49,65,58,64
143,00712.jpg,41,21,46,21,50,21,54,20,42,28,44,28,45,29,50,28,51,27,52,27,48,49,44,61,47,63,51,61
144,00730.jpg,51,21,47,21,45,21,38,20,50,28,48,29,46,29,45,30,43,29,40,29,48,53,48,66,46,68,45,66
145,00742.jpg,66,24,60,25,59,22,67,16,58,33,57,32,55,33,56,30,58,27,60,26,47,50,40,66,41,65,41,63
146,00746.jpg,51,20,47,19,45,19,37,19,50,28,48,28,47,28,45,29,43,27,40,28,50,49,50,67,49,66,46,67
147,00747.jpg,54,20,54,20,52,20,51,21,51,28,51,27,51,28,50,28,50,27,50,28,50,49,45,63,46,64,45,63
148,00748.jpg,15,27,28,24,45,18,62,13,22,35,28,32,33,32,51,27,56,24,62,22,43,51,41,67,51,66,64,61
149,00751.jpg,52,21,47,20,40,20,33,19,52,29,50,29,48,29,42,28,40,27,37,28,48,49,52,62,50,64,45,62
150,00752.jpg,8,19,35,21,62,23,85,23,13,27,23,27,33,29,62,31,71,31,80,32,48,54,26,67,46,69,62,68
151,00755.jpg,55,18,50,20,45,20,31,21,53,27,51,27,49,28,43,29,39,28,35,29,52,50,51,64,49,66,42,65
152,00763.jpg,59,25,57,22,55,19,52,18,55,31,54,30,54,30,52,27,52,25,51,25,52,49,46,63,47,63,44,59
153,00764.jpg,19,23,36,21,51,20,68,18,25,29,32,28,37,29,52,27,58,25,64,25,48,50,38,61,50,63,61,59
154,00783.jpg,26,22,40,21,49,19,59,17,32,29,36,29,39,29,51,27,54,25,58,25,47,51,42,67,47,67,55,65
155,00787.jpg,33,23,41,23,50,21,58,19,36,31,39,30,41,30,51,29,54,28,57,27,45,53,41,66,47,67,54,64
156,00794.jpg,19,20,36,20,55,19,73,19,23,28,30,28,36,29,56,30,62,28,68,28,46,50,34,65,47,66,59,65
157,00800.jpg,35,21,45,22,52,22,62,18,37,28,40,28,44,30,51,30,55,28,58,28,46,56,39,70,46,71,49,70
158,00805.jpg,47,21,51,21,55,21,55,21,47,30,47,29,49,30,53,29,54,28,54,29,53,50,45,66,50,66,51,65
159,00807.jpg,39,21,43,21,48,21,53,21,41,29,43,28,44,29,49,29,50,28,53,28,47,51,45,66,48,67,52,66
160,00808.jpg,48,21,51,19,53,18,53,18,47,28,48,28,49,28,50,27,51,26,51,26,53,49,46,65,49,65,47,64
161,00810.jpg,15,26,38,23,54,21,66,17,23,33,31,32,38,32,53,29,58,27,64,27,55,51,42,69,54,68,61,65
162,00811.jpg,74,17,58,19,39,20,13,22,70,26,62,27,56,28,35,30,26,30,17,31,56,49,61,66,50,67,32,68
163,00812.jpg,39,17,41,20,38,23,31,23,43,25,44,26,44,28,39,31,36,30,35,32,50,50,56,61,55,64,51,64
164,00865.jpg,25,27,41,24,49,22,53,18,33,34,38,33,42,33,49,31,51,29,53,27,52,57,46,69,51,70,55,65
165,00877.jpg,20,19,39,20,56,21,75,22,26,27,33,27,39,29,56,30,63,29,70,30,48,51,36,64,48,66,59,65
166,00879.jpg,38,22,45,21,52,21,58,19,39,29,41,29,44,29,51,29,53,27,55,28,47,52,41,67,47,67,50,66
167,00881.jpg,38,21,45,19,53,18,58,19,39,28,41,27,44,28,52,28,53,27,55,28,51,47,42,67,49,65,52,66
168,00889.jpg,6,19,33,19,65,21,88,22,12,28,22,27,31,28,65,30,75,29,84,31,50,50,27,68,49,68,68,69
169,00893.jpg,17,18,34,19,56,20,78,21,20,27,27,28,34,29,57,29,65,29,74,30,42,50,29,66,44,67,58,67
170,00896.jpg,22,23,36,21,52,19,67,18,27,31,33,29,37,29,54,29,59,27,65,27,47,50,38,67,49,66,59,65
171,00907.jpg,15,20,37,20,60,22,79,21,20,27,28,28,36,29,60,31,67,29,75,30,51,53,33,68,50,68,62,69
172,00915.jpg,12,21,35,19,59,20,81,21,17,28,26,27,34,28,60,29,68,28,77,28,48,50,30,66,48,67,64,66
173,00926.jpg,26,20,42,20,55,22,70,21,30,28,36,27,41,29,54,30,59,29,65,30,48,52,35,68,47,68,53,68
174,00932.jpg,13,18,36,19,63,21,85,22,19,25,28,26,36,27,63,30,72,29,80,31,49,51,30,65,49,68,64,68
175,00960.jpg,22,23,39,20,54,19,71,19,28,30,34,29,39,29,55,28,60,26,66,27,47,49,38,66,49,66,58,64
176,00964.jpg,33,21,45,18,52,19,61,18,37,28,41,28,44,28,52,28,55,27,58,27,49,50,43,66,48,66,52,66
177,00969.jpg,19,21,38,19,58,19,76,20,25,28,32,28,38,28,58,29,64,28,72,29,50,48,36,66,49,66,60,67
178,00977.jpg,16,19,38,18,61,20,84,22,22,27,30,27,38,28,61,30,69,29,78,30,47,50,32,66,47,67,61,68
179,00994.jpg,31,23,40,20,52,21,61,21,35,29,38,28,41,28,52,29,55,28,58,28,48,52,41,69,49,70,56,68
180,00996.jpg,15,20,37,18,57,19,77,21,21,28,30,27,37,27,57,29,65,28,72,29,49,49,34,68,49,67,61,68
181,01002.jpg,39,23,44,20,49,19,54,19,41,30,42,29,44,29,49,28,51,27,53,27,47,48,44,65,47,65,51,63
182,01022.jpg,38,19,44,17,49,18,51,21,40,27,42,26,43,27,49,29,50,28,51,30,49,46,44,68,48,66,51,69
183,01024.jpg,35,23,43,18,52,17,60,19,38,30,40,28,43,28,52,28,55,27,58,28,49,43,43,66,48,64,54,64
184,01027.jpg,32,22,43,20,54,20,65,21,35,29,39,29,42,29,54,30,57,29,61,30,49,48,39,67,48,67,54,66
185,01032.jpg,15,22,36,20,54,19,75,19,21,29,30,28,35,28,56,28,63,27,71,27,47,49,35,67,48,67,61,66
186,01033.jpg,8,22,32,18,58,17,83,17,15,30,25,28,32,28,60,27,69,26,79,27,48,47,33,68,50,66,66,66
187,01038.jpg,11,19,36,16,63,18,85,21,16,27,26,27,35,27,63,30,71,29,79,30,53,46,31,67,51,67,65,68
188,01039.jpg,12,23,34,21,57,20,79,21,18,30,27,29,34,30,58,30,66,28,75,29,48,51,32,68,49,68,62,68
189,01042.jpg,62,21,48,20,40,20,30,20,58,29,53,29,49,29,42,30,38,29,34,29,45,52,53,67,47,68,44,67
190,01044.jpg,17,23,36,19,57,18,77,19,23,30,30,29,36,28,59,28,65,27,73,27,48,47,34,68,49,67,62,66
191,01046.jpg,14,22,36,22,57,22,76,19,20,29,29,29,35,30,57,30,64,28,71,27,51,54,36,67,50,68,62,67
192,01047.jpg,12,17,38,18,64,22,85,22,18,25,27,26,37,27,62,30,71,29,79,31,53,50,31,65,51,67,63,68
193,01049.jpg,18,22,38,20,55,19,73,18,25,29,32,29,37,29,57,28,62,27,69,27,48,50,37,67,48,67,60,66
194,01057.jpg,9,16,35,18,64,21,86,23,14,24,24,25,33,27,63,30,72,30,81,31,49,50,26,65,48,67,64,68
195,01073.jpg,35,21,41,21,46,21,51,20,38,29,41,28,42,29,48,30,49,28,51,29,46,52,46,64,49,66,54,65
196,01074.jpg,15,22,37,20,58,21,79,20,21,29,30,28,37,29,58,30,65,28,74,29,49,51,34,67,49,67,61,67
197,01075.jpg,39,22,45,20,51,19,58,20,40,30,43,29,44,29,50,28,53,27,56,28,46,49,42,66,46,66,50,65
198,01090.jpg,8,21,32,17,62,18,86,20,14,27,24,26,32,27,63,28,72,27,81,28,50,45,28,65,51,65,67,65
199,01095.jpg,5,25,29,20,60,18,86,19,11,31,20,29,29,30,62,28,71,26,81,27,48,46,28,67,50,65,68,65
200,01101.jpg,3,23,25,20,64,19,90,17,7,29,16,28,26,28,66,29,77,26,86,26,49,50,23,70,52,69,73,68
201,01103.jpg,8,21,31,17,63,18,86,19,13,27,22,26,31,26,64,28,73,27,82,28,50,48,27,68,50,68,69,68
202,01108.jpg,24,22,39,22,54,22,68,20,29,29,35,29,40,30,54,30,58,28,64,29,48,52,38,66,49,67,56,66
203,01119.jpg,11,24,32,20,58,19,80,18,17,31,25,29,32,29,59,28,67,26,76,26,48,49,32,68,49,67,65,66
204,01128.jpg,23,19,40,20,56,21,73,22,28,28,34,28,40,29,56,30,62,29,68,30,49,51,36,64,48,66,58,65
205,01129.jpg,20,22,39,22,54,22,72,20,27,29,34,28,39,29,55,30,61,28,68,28,49,53,37,66,50,67,59,66
206,01142.jpg,28,22,40,20,53,20,65,20,32,29,36,28,40,28,54,29,58,28,62,28,48,50,40,66,48,66,56,65
207,01144.jpg,11,23,32,20,58,19,81,18,17,30,25,30,32,29,61,28,68,27,77,27,47,50,31,68,49,68,66,66
208,01158.jpg,29,24,42,20,49,19,59,17,35,30,40,29,42,29,50,28,53,26,56,26,47,52,44,69,48,68,53,67
209,01161.jpg,41,24,46,21,51,20,56,19,42,31,44,30,45,30,51,29,52,28,54,28,48,49,43,66,47,66,51,64
210,01168.jpg,35,22,43,19,51,18,57,18,38,29,41,28,43,28,52,27,53,26,56,26,50,49,46,67,50,67,56,65
211,01170.jpg,42,21,44,22,46,24,52,27,44,29,45,29,45,30,48,32,49,34,52,35,46,54,48,71,47,73,50,74
212,01172.jpg,48,21,47,21,47,23,46,24,48,29,47,29,47,30,47,32,46,32,46,33,48,53,48,68,48,69,47,69
213,01175.jpg,18,21,38,18,58,18,76,19,24,29,31,27,37,27,59,27,65,26,72,27,50,47,36,68,49,68,61,67
214,01176.jpg,36,21,42,19,49,19,55,19,38,28,41,27,43,27,50,28,52,27,53,28,44,48,40,67,45,67,50,67
215,01181.jpg,30,23,40,22,49,21,60,22,34,30,38,30,40,30,51,30,54,29,58,30,47,52,42,67,49,69,55,67
216,01183.jpg,39,21,45,21,51,20,58,20,40,29,42,28,44,29,51,29,54,27,56,28,46,51,43,65,46,66,52,64
217,01186.jpg,25,20,41,18,57,20,75,21,30,27,36,26,40,27,57,29,63,28,70,30,48,48,37,67,48,67,57,68
218,01188.jpg,28,21,42,21,54,22,67,21,32,28,37,29,42,30,54,30,58,29,64,30,48,51,39,66,48,67,54,67
219,01192.jpg,13,22,33,21,56,22,78,20,20,28,28,27,35,29,57,30,65,27,73,28,50,54,36,65,53,68,66,65
220,01194.jpg,25,22,39,20,53,20,66,19,30,29,35,28,39,28,54,28,58,27,63,27,48,50,39,66,49,66,58,65
221,01197.jpg,31,23,44,20,53,19,66,19,35,30,40,29,43,29,52,28,57,27,62,27,48,48,40,67,48,66,53,66
222,01199.jpg,57,20,48,21,41,22,32,23,55,28,51,28,48,29,42,31,39,31,35,32,46,53,52,68,47,69,44,69
223,01204.jpg,10,22,28,21,55,19,83,16,16,30,24,29,31,29,60,26,70,25,79,24,39,51,32,67,47,67,68,65
224,01209.jpg,22,21,40,20,57,20,75,20,27,29,34,29,40,29,58,30,64,28,71,29,49,50,37,68,49,68,59,67
225,01219.jpg,54,23,50,19,47,18,44,18,51,30,50,29,49,29,47,27,46,26,44,26,47,49,47,66,46,66,44,64
226,01221.jpg,15,20,36,21,58,22,78,21,21,27,29,27,36,29,57,30,64,28,73,28,49,53,32,64,49,66,61,64
227,01223.jpg,10,23,31,21,57,20,79,17,16,30,24,29,32,30,58,29,66,26,75,26,49,52,32,67,51,66,65,64
228,01225.jpg,6,22,30,20,61,21,85,19,12,28,21,27,30,28,61,29,69,26,80,27,51,52,26,64,50,65,68,63
229,01242.jpg,19,22,33,23,52,21,74,16,24,29,30,29,35,29,56,28,63,26,71,25,41,55,35,63,47,66,64,61
230,01244.jpg,24,24,27,23,32,18,35,16,28,33,30,31,32,31,38,28,39,26,40,26,33,47,42,66,43,64,49,63
231,01253.jpg,25,25,36,22,49,19,64,17,29,33,34,32,38,31,53,29,57,27,63,27,43,51,40,68,48,67,58,64
232,01261.jpg,36,25,43,18,51,16,58,18,39,32,41,30,43,30,52,28,54,26,56,27,48,41,43,66,48,63,53,63
233,01268.jpg,15,19,33,21,57,21,81,20,20,28,27,28,34,28,60,29,68,28,77,28,40,54,31,65,46,67,66,65
234,01272.jpg,23,14,47,21,61,27,79,31,27,22,36,24,43,27,59,34,65,34,72,36,46,56,29,56,40,65,51,65
235,01295.jpg,40,19,46,21,52,22,62,24,41,27,43,28,45,29,52,31,55,30,59,32,45,52,41,64,45,67,51,66
236,01297.jpg,26,19,40,21,59,20,82,19,29,29,35,30,41,30,63,29,70,28,78,28,38,53,32,65,41,67,60,66
237,01302.jpg,31,22,40,21,53,20,70,20,33,32,37,31,41,31,55,30,60,29,67,29,40,50,36,68,43,68,55,67
238,01310.jpg,20,21,35,21,53,20,73,18,24,30,31,29,36,30,55,29,63,27,70,27,42,50,34,67,46,68,59,66
239,01315.jpg,20,20,31,21,52,18,71,17,24,30,29,29,34,29,55,28,62,26,69,25,38,50,34,68,45,67,60,66
240,01321.jpg,76,19,56,18,40,19,22,18,70,26,62,26,57,26,39,27,33,26,26,26,48,47,59,61,48,62,37,61
241,01322.jpg,9,25,28,20,54,16,80,14,15,31,23,29,30,28,59,25,68,23,77,23,44,47,32,65,49,64,69,60
242,01323.jpg,40,22,41,21,46,21,50,20,41,28,42,28,43,28,48,29,48,28,50,28,45,52,45,61,48,64,54,60
243,01335.jpg,13,25,33,23,52,21,72,17,21,31,30,30,35,30,54,29,61,26,68,25,48,52,38,64,50,65,63,62
244,01344.jpg,29,12,52,19,67,25,84,31,32,21,40,23,46,26,63,32,68,34,76,37,52,52,28,57,42,65,50,66
245,01350.jpg,34,17,40,19,53,17,68,16,34,27,37,27,41,27,55,26,60,25,65,25,40,49,35,65,42,65,55,65
246,01351.jpg,20,22,36,20,53,20,68,19,26,29,33,29,37,29,54,29,59,27,66,28,47,50,37,65,49,66,59,64
247,01354.jpg,24,22,36,21,52,19,68,19,28,30,33,29,37,29,55,28,60,27,65,27,44,49,37,64,48,65,59,63
248,01362.jpg,50,25,51,24,53,23,55,22,48,32,49,31,49,32,52,31,52,29,53,29,47,53,43,66,45,67,46,64
249,01370.jpg,23,14,42,21,59,24,82,24,27,23,35,25,42,28,59,32,67,30,75,32,44,52,32,59,43,64,57,65
250,01371.jpg,41,17,52,20,60,22,71,24,41,25,44,26,47,27,57,30,60,30,64,31,51,50,36,60,44,64,49,63
251,01374.jpg,16,21,32,24,55,22,77,19,21,31,28,31,34,32,58,30,66,29,74,29,41,55,33,69,47,70,63,68
252,01379.jpg,30,20,36,20,49,17,62,17,32,30,35,29,38,29,52,28,56,27,61,26,37,47,36,68,42,66,52,66
253,01383.jpg,8,33,23,28,47,17,69,9,15,41,22,38,28,36,53,27,60,22,68,19,42,51,37,73,50,67,65,62
254,01393.jpg,12,23,29,22,54,18,77,15,17,32,24,31,31,31,58,28,65,25,73,24,41,50,31,69,47,68,64,66
255,01397.jpg,14,22,29,21,53,18,77,16,19,31,25,30,31,30,59,27,67,26,75,25,38,52,33,68,48,69,68,66
256,01400.jpg,15,18,31,20,55,19,80,19,19,28,26,28,33,29,59,28,67,28,76,27,39,51,30,65,46,67,65,65
257,01406.jpg,16,23,31,21,51,18,75,18,20,32,27,32,33,31,56,29,63,28,72,27,36,49,31,69,43,68,60,67
258,01407.jpg,36,20,43,20,52,19,60,19,37,28,40,28,42,29,52,28,54,27,58,27,43,48,38,65,43,65,49,64
259,01411.jpg,25,22,36,23,51,22,67,19,30,30,35,29,39,30,54,30,59,27,64,27,44,53,40,66,48,68,58,66
260,01421.jpg,25,23,37,23,51,20,69,18,29,32,34,32,39,32,55,30,60,29,66,28,42,53,39,68,46,69,59,66
261,01425.jpg,76,25,61,22,48,17,36,12,67,32,62,30,58,30,45,25,42,22,37,21,49,48,52,63,44,61,36,57
262,01433.jpg,41,24,44,22,47,20,52,17,40,31,41,30,43,30,47,28,49,26,51,26,41,51,38,66,42,66,45,64
263,01438.jpg,9,18,35,19,62,21,86,21,15,26,26,26,34,28,63,30,72,29,81,30,49,50,30,65,49,67,64,67
264,01448.jpg,26,25,34,21,45,16,58,14,30,34,33,32,36,31,50,26,54,25,58,24,39,48,39,69,45,67,55,65
265,01451.jpg,21,23,33,22,49,19,67,18,26,32,31,31,35,30,53,29,59,27,66,27,39,51,37,68,46,68,60,66
266,01454.jpg,4,43,20,34,33,21,43,9,14,47,21,42,27,39,40,27,43,23,48,19,48,49,50,65,58,59,67,50
267,01468.jpg,23,25,37,21,49,18,61,17,29,32,35,31,39,31,51,29,55,27,59,27,46,47,41,66,48,64,56,63
268,01477.jpg,94,24,69,18,22,18,1,19,91,32,82,30,69,30,20,30,9,29,2,30,43,50,74,75,43,72,16,74
269,01483.jpg,72,26,58,26,52,22,54,16,63,34,58,32,55,33,50,29,51,26,50,25,44,52,45,66,42,64,41,62
270,01485.jpg,57,25,51,23,49,22,43,19,54,32,51,31,49,32,47,30,46,28,44,28,48,54,47,68,46,68,43,66
271,01487.jpg,33,20,40,20,51,20,61,19,35,28,38,28,41,28,52,28,56,27,60,27,43,50,39,65,45,66,54,64
272,01488.jpg,30,23,38,23,51,20,68,17,33,31,37,31,40,31,55,29,60,27,67,27,41,55,40,67,47,68,60,64
273,01496.jpg,12,17,28,20,55,19,82,18,16,27,23,28,30,28,58,29,68,28,78,27,31,48,24,68,37,68,58,69
274,01498.jpg,34,22,35,21,40,17,43,16,36,31,37,30,38,30,43,27,44,25,45,25,36,47,41,66,41,64,47,63
275,01499.jpg,48,21,36,24,29,26,17,31,49,29,45,30,43,32,34,35,30,34,25,37,43,47,60,57,53,60,48,61
276,01505.jpg,21,23,33,22,48,19,62,15,26,32,32,31,36,31,51,28,56,26,61,25,42,50,39,66,47,66,58,64
277,01507.jpg,77,21,53,18,35,17,12,19,69,30,59,28,52,28,34,28,26,28,16,28,44,44,53,67,42,65,30,67
278,01509.jpg,25,18,38,19,55,19,74,22,27,27,33,28,38,28,57,29,63,29,70,29,41,49,32,65,42,66,57,66
279,01513.jpg,70,30,57,26,51,20,45,15,63,37,58,36,55,34,50,29,48,26,46,25,46,53,48,70,44,68,41,63
280,01514.jpg,6,38,24,30,48,18,66,8,14,43,21,39,28,37,52,27,58,21,65,18,48,53,40,71,54,65,67,58
281,01533.jpg,36,20,44,20,56,19,71,21,36,30,39,30,43,30,56,29,61,29,66,29,43,48,35,66,42,66,53,66
282,01535.jpg,43,22,32,24,27,24,21,24,44,32,40,32,38,33,33,34,31,33,28,34,34,53,53,68,46,70,45,71
283,01536.jpg,57,22,49,20,51,19,55,19,52,30,49,30,49,30,51,29,52,28,54,28,43,48,43,68,43,67,46,67
284,01543.jpg,27,18,38,20,55,20,71,20,30,28,34,28,39,29,56,29,62,28,68,29,41,51,35,66,44,67,57,67
285,01544.jpg,48,20,49,20,49,20,43,20,47,28,47,28,47,28,47,28,46,28,44,28,51,51,46,65,48,66,45,65
286,01545.jpg,19,23,32,21,48,18,65,18,25,31,30,30,35,30,52,29,57,27,64,27,39,48,38,66,46,66,59,64
287,01550.jpg,16,24,29,23,49,19,67,15,21,32,27,31,32,30,53,27,58,25,65,23,38,52,34,69,45,68,59,65
288,01554.jpg,15,21,30,21,53,18,77,16,20,30,26,30,32,29,59,27,67,26,74,26,39,51,34,68,48,68,67,66
289,01557.jpg,56,24,52,23,53,21,54,18,52,31,50,31,49,31,50,29,51,27,51,27,47,54,42,66,44,68,44,65
290,01559.jpg,13,23,34,22,57,22,78,19,19,30,27,30,34,30,57,29,65,27,74,27,48,54,32,64,50,66,64,62
291,01562.jpg,11,26,27,23,50,18,73,14,17,33,24,31,30,31,56,28,63,25,72,23,40,51,34,66,48,66,67,61
292,01564.jpg,18,25,25,24,34,17,43,13,22,34,25,32,28,32,40,26,42,24,44,22,29,49,32,68,37,66,46,63
293,01569.jpg,34,22,39,21,44,19,49,19,37,31,39,30,40,30,47,29,48,28,50,28,42,49,42,67,45,67,51,66
294,01580.jpg,27,18,42,20,56,22,72,24,31,26,37,27,41,28,55,30,61,30,67,31,48,51,35,62,46,65,56,64
295,01586.jpg,9,21,30,18,57,17,84,19,14,30,23,29,31,29,60,28,69,28,80,28,40,43,29,64,43,62,63,63
296,01599.jpg,44,24,41,24,43,21,45,19,44,32,43,31,43,32,46,29,47,28,47,28,43,54,48,67,49,68,52,64
297,01600.jpg,15,21,29,21,48,18,70,18,19,30,25,29,31,29,52,28,59,27,67,27,31,48,27,68,36,68,53,67
298,01609.jpg,26,21,38,20,52,19,68,19,29,29,34,29,38,29,54,29,59,28,65,28,43,49,36,66,45,66,55,65
299,01611.jpg,29,20,41,20,50,20,60,20,33,29,38,28,41,29,52,29,55,27,59,28,49,51,42,68,49,68,56,68
300,01612.jpg,18,26,31,25,47,20,61,14,26,34,31,32,36,32,51,28,55,25,61,23,45,53,43,67,51,66,61,62
301,01617.jpg,14,24,28,24,50,19,73,15,19,33,26,31,31,31,54,28,62,25,70,24,39,52,34,69,46,68,62,65
302,01620.jpg,23,19,36,17,54,16,74,17,26,28,32,27,37,27,57,26,63,25,71,25,37,45,32,65,41,64,57,64
303,01623.jpg,8,27,27,20,52,15,77,15,15,34,22,31,29,30,56,27,64,24,73,23,43,42,32,67,48,63,66,61
304,01630.jpg,31,23,41,20,52,20,65,20,34,30,38,29,41,29,53,29,57,28,62,29,44,49,38,67,45,67,54,66
305,01632.jpg,54,24,47,23,49,21,50,17,51,31,49,30,48,30,50,29,51,27,51,26,44,54,47,64,48,66,51,62
306,01634.jpg,39,17,45,21,52,23,68,24,39,27,42,28,45,30,54,31,59,31,65,32,42,53,39,62,44,66,55,65
307,01647.jpg,18,24,32,21,51,17,72,17,23,33,28,32,34,31,56,28,62,26,69,26,39,48,34,70,45,68,60,67
308,01652.jpg,21,19,38,18,56,19,73,22,26,27,32,27,38,28,57,29,62,29,69,30,47,47,34,64,47,65,58,65
309,01654.jpg,31,19,43,20,52,20,63,20,34,26,39,26,43,27,53,28,56,27,61,27,47,50,39,60,48,63,55,60
310,01657.jpg,42,23,43,20,45,20,47,21,42,30,43,29,43,29,47,29,47,28,47,29,44,50,45,66,47,67,50,65
311,01662.jpg,36,22,46,21,53,21,61,19,38,28,41,27,44,28,51,28,53,27,57,27,47,52,37,64,44,66,49,63
312,01666.jpg,29,18,50,17,67,20,83,28,32,26,39,26,45,29,64,32,70,32,77,35,51,42,32,60,46,61,56,64
313,01669.jpg,49,26,42,22,43,16,48,14,47,34,44,32,44,31,47,26,48,24,50,23,37,48,45,69,44,67,49,63
314,01671.jpg,12,27,26,23,49,16,71,11,18,36,24,34,30,32,55,25,63,22,71,20,37,52,35,71,47,68,66,64
315,01672.jpg,22,21,41,22,58,21,79,19,26,30,34,30,40,30,57,30,65,29,74,28,40,52,30,69,41,69,53,69
316,01684.jpg,12,28,28,23,48,17,70,14,18,36,24,34,31,32,53,27,59,25,67,23,39,49,33,69,46,67,61,63
317,01694.jpg,6,25,24,18,56,15,85,15,11,34,19,32,27,30,60,27,71,26,81,25,38,42,27,69,44,65,67,65
318,01699.jpg,27,26,34,24,44,19,51,15,32,34,35,33,37,32,48,28,50,25,53,24,42,50,44,67,48,65,56,62
319,01700.jpg,26,24,34,23,48,20,63,18,30,33,33,32,37,31,52,30,56,28,62,27,40,54,40,71,47,71,58,69
320,01706.jpg,23,23,36,22,51,19,64,17,28,30,33,29,38,29,53,28,57,26,62,25,46,50,40,65,49,65,59,62
321,01720.jpg,34,20,44,20,55,22,66,22,35,28,39,28,43,29,54,31,58,30,63,30,48,51,40,65,48,66,54,66
322,01726.jpg,30,22,41,20,53,19,66,18,33,30,38,29,41,30,54,29,58,27,63,27,45,48,38,66,46,65,55,64
323,01729.jpg,24,25,37,19,50,17,61,18,30,32,35,30,39,30,52,29,56,27,60,27,47,43,42,63,50,61,58,61
324,01732.jpg,52,24,46,23,44,22,40,20,50,32,49,32,47,32,45,31,44,30,43,30,45,53,50,68,48,69,48,66
325,01737.jpg,23,21,36,20,52,18,68,18,27,30,32,29,37,30,54,28,59,27,65,27,41,48,36,67,45,66,56,65
326,01740.jpg,15,20,33,21,56,21,78,19,20,28,27,28,34,29,58,29,66,28,74,27,44,53,32,62,48,65,65,62
327,01743.jpg,27,25,32,24,43,19,52,14,32,33,34,32,37,32,48,28,51,25,54,24,40,52,44,68,48,67,57,64
328,01745.jpg,20,20,40,21,56,23,70,22,26,27,33,27,38,29,55,30,59,29,65,30,51,53,35,64,48,66,56,66
329,01755.jpg,43,27,43,23,46,19,45,16,44,34,45,32,45,31,47,28,48,25,48,24,50,48,51,64,52,63,53,59
330,01760.jpg,79,28,60,23,47,18,32,15,71,35,63,33,58,32,45,26,41,24,35,23,48,48,53,67,45,64,39,60
331,01769.jpg,11,27,27,23,48,17,70,14,17,34,24,32,30,31,52,26,59,23,67,23,39,47,33,66,46,64,64,59
332,01777.jpg,21,20,33,20,52,18,74,18,24,30,30,30,35,29,56,28,63,27,71,27,37,48,33,66,43,66,59,64
333,01780.jpg,48,21,47,22,51,22,53,21,46,29,47,30,47,30,51,31,51,30,52,30,44,53,44,64,44,66,48,64
334,01782.jpg,46,23,49,21,55,21,62,21,45,30,46,29,47,30,53,30,55,30,58,30,46,50,43,67,45,67,48,66
335,01803.jpg,17,22,36,21,54,20,72,18,23,29,31,28,36,29,55,28,61,27,68,26,45,50,33,65,46,66,59,64
336,01817.jpg,35,20,43,21,52,21,65,20,37,28,41,28,44,29,54,29,58,28,63,29,46,53,41,63,47,66,56,64
337,01820.jpg,7,20,32,20,62,21,86,19,13,27,22,27,31,28,63,30,72,28,81,28,50,52,28,66,49,67,67,67
338,01832.jpg,11,25,28,21,52,18,77,16,16,34,24,33,30,31,56,28,64,26,73,26,40,47,31,67,46,65,63,63
339,01837.jpg,17,20,35,21,56,20,79,20,22,29,30,29,36,29,60,30,68,29,76,29,43,53,34,64,47,65,65,64
340,01844.jpg,34,26,38,22,45,17,51,16,36,34,38,32,40,31,48,27,49,26,51,25,42,47,42,69,46,66,52,65
341,01859.jpg,31,27,44,23,54,19,59,14,36,34,40,32,43,32,54,27,56,24,58,22,54,52,45,66,52,65,57,59
342,01860.jpg,23,23,36,21,48,19,59,19,27,30,32,29,36,29,49,28,53,27,57,27,43,50,35,65,43,65,51,63
343,01862.jpg,11,21,34,20,59,21,79,19,17,28,26,27,33,28,59,28,67,27,75,27,49,53,31,65,49,67,64,65
344,01864.jpg,35,22,37,26,38,24,38,22,38,30,39,30,41,32,42,31,42,29,42,30,44,51,51,59,51,62,52,60
345,01867.jpg,15,17,38,19,62,22,83,24,20,26,29,26,37,28,61,31,70,30,78,32,49,51,29,63,48,66,63,66
346,01869.jpg,19,21,39,21,56,21,74,21,25,29,33,29,38,30,56,29,62,28,69,29,48,51,35,64,48,66,58,64
347,01870.jpg,18,16,40,19,61,23,83,24,23,24,31,25,39,28,61,31,69,30,78,31,47,52,29,61,46,65,60,64
348,01871.jpg,11,21,31,19,58,18,81,17,17,28,24,27,31,27,60,27,68,25,77,25,46,49,30,65,50,65,67,63
349,01873.jpg,19,21,34,19,52,18,69,19,24,30,31,29,36,29,55,29,60,27,67,28,44,48,36,67,47,66,58,66
350,01879.jpg,37,17,32,19,30,20,28,20,37,26,36,26,36,27,35,28,34,28,32,29,31,51,41,64,39,66,40,66
351,01881.jpg,13,25,34,22,54,20,72,17,20,31,28,30,35,30,55,29,61,26,69,26,50,52,37,66,52,66,64,63
352,01883.jpg,24,22,35,22,51,20,69,17,28,30,33,30,38,30,55,29,61,27,67,27,41,53,39,66,47,68,61,65
353,01891.jpg,20,22,39,20,55,21,73,20,26,29,33,28,39,29,55,30,61,29,69,29,48,50,36,66,48,66,58,66
354,01894.jpg,28,21,42,22,55,22,68,22,32,29,38,29,42,30,54,31,59,29,64,30,49,53,38,65,48,67,55,66
355,01902.jpg,20,24,34,22,49,18,65,16,26,33,31,32,36,31,52,28,57,26,63,26,42,48,37,68,46,66,57,64
356,01905.jpg,16,23,29,21,49,17,72,15,21,32,27,31,32,30,55,28,62,26,70,25,35,49,34,66,44,65,61,63
357,01918.jpg,25,27,34,24,46,18,55,13,30,35,34,33,37,33,49,27,53,24,56,23,43,51,42,69,47,67,55,63
358,01921.jpg,37,18,46,21,59,22,75,23,36,27,41,28,45,30,58,31,64,30,70,31,44,52,35,64,43,66,52,66
359,01934.jpg,12,17,27,19,57,18,84,17,15,27,22,28,30,28,61,27,72,27,81,27,35,49,24,65,42,66,65,65
360,01941.jpg,27,20,41,20,57,20,72,21,30,28,36,27,41,28,58,29,63,28,69,28,49,48,38,61,50,63,60,61
361,01945.jpg,28,22,37,22,52,22,68,20,31,30,35,31,39,31,54,31,60,29,66,29,43,55,38,68,47,70,59,68
362,01963.jpg,17,23,34,23,52,21,71,18,23,32,30,31,35,31,55,30,62,28,69,28,43,51,36,67,48,68,61,65
363,01966.jpg,27,24,36,22,48,19,60,17,31,32,35,31,38,31,52,28,55,26,59,26,44,50,40,68,47,67,56,65
364,01971.jpg,25,29,32,25,42,18,48,14,30,36,34,34,36,33,46,28,48,25,50,23,42,50,45,68,48,66,55,62
365,01973.jpg,9,20,33,20,60,21,82,19,15,26,25,26,33,28,59,29,67,27,77,27,49,52,29,64,48,65,64,65
366,01978.jpg,36,21,42,20,51,19,59,19,37,29,39,28,42,29,51,28,54,27,58,27,44,50,40,66,46,66,51,66
367,02002.jpg,44,23,40,22,45,19,46,15,41,32,40,31,41,31,47,28,47,26,46,24,39,52,41,68,42,68,46,65
368,02008.jpg,68,23,57,20,49,17,34,17,62,31,57,29,55,29,46,26,42,24,36,24,55,47,53,66,50,64,42,63
369,02024.jpg,14,34,22,34,30,29,34,28,20,39,23,38,27,38,36,35,38,34,39,34,33,51,37,61,42,60,49,58
370,02031.jpg,11,25,26,23,49,17,72,14,16,34,22,32,29,31,54,28,62,25,70,24,39,48,32,69,48,67,64,64
371,02034.jpg,8,29,26,24,51,18,76,13,14,36,21,33,29,32,55,27,63,23,72,21,43,51,33,69,50,67,68,62
372,02077.jpg,23,20,37,20,55,19,72,19,27,29,33,28,38,29,57,29,63,28,69,28,44,50,36,64,48,66,61,64
373,02080.jpg,36,21,40,19,51,18,64,19,37,30,39,29,41,29,52,28,56,27,61,27,36,46,35,68,39,66,50,67
374,02083.jpg,19,24,34,22,51,20,65,17,25,30,32,29,36,29,53,28,58,25,64,24,46,51,38,66,48,66,59,63
375,02086.jpg,28,22,39,21,50,20,61,19,32,29,36,29,40,29,52,28,55,27,59,27,45,49,39,64,47,65,56,63
376,02091.jpg,32,22,36,21,44,19,52,18,35,31,38,30,40,30,49,30,51,28,54,29,41,50,44,67,47,67,55,67
377,02098.jpg,12,24,27,22,53,16,80,14,17,34,24,33,31,31,60,27,69,25,77,24,37,50,32,71,47,69,68,67
378,02099.jpg,15,18,38,18,60,20,80,23,20,26,28,27,36,28,60,30,67,30,75,31,50,50,30,65,49,67,62,67
379,02110.jpg,21,26,32,23,46,18,62,16,26,35,30,34,35,33,51,28,56,26,61,25,39,48,39,70,46,67,57,65
380,02115.jpg,9,18,35,19,64,22,85,23,15,26,24,27,33,28,63,31,71,30,80,31,52,52,27,65,49,67,64,67
381,02117.jpg,28,19,41,21,56,22,73,24,30,28,36,29,41,30,56,31,62,31,69,31,42,51,34,65,43,67,55,66
382,02118.jpg,23,27,34,24,46,19,56,15,30,34,35,33,38,32,50,28,53,25,57,23,46,52,44,67,50,66,59,62
383,02124.jpg,9,26,28,20,53,15,77,13,15,33,23,30,30,29,57,25,64,23,74,22,41,44,32,65,46,62,65,59
384,02127.jpg,9,24,30,22,56,20,79,17,15,30,23,29,31,29,58,29,67,26,75,26,48,52,33,68,52,68,67,65
385,02135.jpg,36,21,43,19,51,18,63,19,37,29,40,29,43,29,52,28,56,27,61,27,42,48,37,66,44,67,51,65
386,02138.jpg,26,20,40,20,55,20,70,21,30,28,36,28,40,28,56,29,60,29,66,29,48,50,37,63,48,66,59,64
387,02146.jpg,18,42,32,33,34,24,30,15,29,43,34,39,37,38,38,29,37,25,36,22,51,46,55,59,58,55,57,47
388,02153.jpg,33,20,39,20,44,20,48,21,36,28,39,28,40,28,46,29,47,28,49,29,44,48,43,66,46,66,50,66
389,02157.jpg,35,17,42,21,54,22,71,23,36,26,39,27,42,28,55,30,60,30,67,30,42,55,36,64,44,68,55,66
390,02163.jpg,26,23,37,21,51,20,64,18,30,30,34,29,38,29,53,29,57,27,62,27,43,50,39,66,47,67,57,65
391,02168.jpg,9,17,34,17,65,20,88,23,13,25,23,25,32,27,65,30,75,29,84,31,48,49,24,64,47,67,67,66
392,02170.jpg,30,21,45,24,57,22,77,19,31,30,38,31,43,32,57,29,64,28,71,28,42,53,32,69,41,69,50,68
393,02173.jpg,8,24,26,22,56,18,83,15,13,34,21,33,29,32,62,28,71,26,81,25,39,49,30,69,47,67,69,65
394,02181.jpg,21,18,37,19,56,20,76,20,25,27,31,27,38,28,57,29,64,28,72,29,44,49,32,66,46,67,58,67
395,02187.jpg,44,20,40,19,47,18,56,19,41,29,41,28,41,28,51,27,53,27,56,27,33,48,38,68,39,67,49,68
396,02197.jpg,9,8,43,15,76,27,94,42,13,16,24,19,37,24,74,37,84,40,91,46,47,48,15,52,39,63,65,70
397,02209.jpg,15,22,37,20,58,20,78,19,21,29,29,29,36,29,59,29,65,28,73,28,50,52,33,67,49,68,62,66
398,02213.jpg,38,23,39,22,47,20,56,18,39,32,40,31,41,31,50,29,53,28,56,27,39,54,42,70,45,70,53,69
399,02223.jpg,21,17,36,20,56,20,78,22,24,26,31,27,36,28,58,29,65,29,73,29,40,51,29,65,42,67,58,66
400,02225.jpg,6,28,27,22,54,18,78,15,12,33,21,31,29,31,56,29,63,25,73,24,48,49,32,65,51,63,67,60
401,02227.jpg,16,27,28,24,44,17,62,14,22,35,27,33,32,32,50,28,55,25,61,23,37,48,36,70,45,67,58,64
402,02232.jpg,34,23,45,21,53,20,58,19,38,29,41,28,45,29,52,28,55,26,57,26,50,49,43,64,49,64,54,62
403,02240.jpg,4,28,20,24,53,15,83,8,9,36,16,34,24,32,60,24,71,21,80,18,39,50,31,70,49,65,73,61
404,02244.jpg,22,22,35,22,51,20,67,18,26,30,31,29,36,30,54,29,59,27,65,26,43,51,37,64,48,66,60,62
405,02245.jpg,16,21,36,20,56,21,75,20,23,29,30,28,37,29,57,30,63,28,71,29,50,51,36,67,51,68,62,67
406,02252.jpg,10,18,32,18,60,19,84,20,16,26,24,26,32,26,61,28,70,27,79,27,46,49,27,64,47,66,66,65
407,02263.jpg,36,22,39,20,46,17,55,18,37,31,38,30,40,30,49,28,52,27,55,27,39,44,40,66,43,65,50,65
408,02271.jpg,40,25,36,22,38,19,38,18,41,34,40,33,40,32,43,30,43,28,43,28,39,49,48,69,47,67,51,66
409,02275.jpg,31,20,39,18,52,17,67,18,34,30,37,29,40,29,55,27,59,27,65,27,40,45,38,65,43,64,56,65
410,02276.jpg,17,20,31,20,50,18,70,17,21,30,27,29,33,29,54,28,60,27,67,26,37,49,31,67,43,67,58,66
411,02287.jpg,31,19,40,19,54,19,71,21,32,28,36,28,40,29,56,29,61,29,67,30,42,48,35,66,43,66,54,67
412,02292.jpg,34,23,39,21,46,19,54,18,36,31,38,30,40,29,49,28,51,27,54,27,42,49,41,66,46,66,53,63
413,02303.jpg,21,23,39,20,56,17,69,16,27,31,34,30,39,30,56,28,61,25,67,25,51,46,40,65,52,64,62,62
414,02306.jpg,30,18,43,19,58,22,73,25,32,26,37,27,42,29,57,31,63,31,69,33,47,50,36,66,47,67,55,69
415,02312.jpg,34,26,40,22,50,18,60,14,35,34,37,33,40,32,52,27,55,24,59,23,43,50,38,70,46,67,53,65
416,02313.jpg,20,22,36,21,53,19,70,18,25,29,32,29,37,29,55,29,60,27,67,27,46,49,36,65,48,66,59,64
417,02316.jpg,21,23,33,22,50,19,69,16,26,31,32,31,36,30,55,28,61,26,68,25,40,53,38,67,47,67,62,64
418,02317.jpg,43,22,43,21,44,20,38,20,44,30,44,29,44,30,45,29,43,28,41,28,47,50,47,65,48,65,48,64
419,02323.jpg,34,22,40,21,51,20,60,18,35,29,37,29,40,29,52,28,56,27,59,26,45,51,40,67,47,67,55,65
420,02329.jpg,7,22,29,22,56,21,81,18,13,28,22,27,30,28,58,28,67,25,76,25,49,52,30,62,51,64,69,61
421,02338.jpg,35,17,48,21,62,22,81,25,36,27,41,27,46,30,61,32,68,31,75,33,47,50,33,62,44,65,58,66
422,02344.jpg,16,20,34,21,56,19,79,18,21,30,28,30,35,30,60,28,68,27,76,27,41,51,33,66,47,67,65,65
423,02347.jpg,20,23,33,21,52,19,69,16,24,31,30,30,35,30,55,28,61,26,67,25,43,49,35,64,47,64,61,61
424,02348.jpg,35,22,39,20,47,19,56,18,37,30,39,29,41,29,50,28,53,27,57,27,41,49,42,65,46,65,54,63
425,02350.jpg,29,23,36,20,45,16,59,15,32,31,35,30,38,29,50,25,54,24,59,23,38,49,40,67,46,67,56,63
426,02357.jpg,43,21,45,22,47,22,49,20,44,28,45,28,46,29,48,29,48,28,49,28,47,52,46,63,48,65,51,63
427,02358.jpg,20,22,34,21,54,17,77,16,22,31,28,30,34,29,55,26,63,24,71,24,37,49,26,66,39,65,54,63
428,02370.jpg,32,18,40,18,51,19,61,22,33,27,36,27,39,28,51,29,55,29,58,30,41,48,35,66,41,67,49,67
429,02373.jpg,10,21,28,20,57,17,84,16,15,30,23,29,30,29,63,27,72,26,81,25,39,51,30,67,47,68,70,65
430,02377.jpg,35,20,43,20,54,20,65,21,36,28,40,28,43,28,54,29,58,28,62,29,44,50,38,65,45,66,52,66
431,02378.jpg,26,20,38,21,53,20,70,20,30,28,35,28,39,29,55,29,61,28,67,28,45,52,37,64,48,66,60,64
432,02380.jpg,12,22,29,23,54,21,80,17,17,30,25,30,31,30,59,29,67,27,76,26,42,54,31,66,48,68,68,64
433,02405.jpg,38,22,46,20,53,21,58,21,39,29,42,29,44,30,52,30,54,29,56,29,48,52,41,66,47,67,51,65
434,02410.jpg,16,24,36,24,54,23,71,19,23,30,31,29,37,30,54,29,60,27,67,27,49,54,35,64,49,66,60,63
435,02417.jpg,25,21,39,22,53,22,69,21,29,29,34,29,39,30,55,30,60,29,66,29,46,53,37,65,47,67,58,65
436,02420.jpg,26,25,37,19,47,17,54,19,32,31,36,29,39,29,49,28,51,27,54,27,49,42,45,61,52,60,58,59
437,02445.jpg,17,27,28,24,43,18,57,13,24,34,28,32,33,32,49,28,53,25,58,23,41,49,42,67,50,65,60,62
438,02446.jpg,14,21,32,21,54,20,75,18,19,29,27,28,33,29,56,28,64,27,72,26,44,50,32,64,47,65,62,62
439,02447.jpg,15,23,27,24,48,19,71,14,20,32,26,31,31,31,54,28,61,25,69,24,35,51,33,70,44,68,60,66
440,02450.jpg,26,19,43,21,57,23,73,24,30,27,36,27,41,29,57,31,62,30,68,31,49,53,35,63,47,66,56,65
441,02465.jpg,13,23,27,21,44,17,65,15,18,32,23,30,29,30,49,27,55,25,62,23,32,49,27,67,39,67,54,63
442,02471.jpg,38,21,45,19,53,19,63,21,39,29,42,29,44,29,53,29,57,28,60,29,44,49,39,66,44,67,50,67
443,02476.jpg,9,26,24,24,48,17,73,11,16,32,23,30,29,30,54,25,62,21,71,19,41,51,37,65,49,64,68,59
444,02488.jpg,19,21,39,21,55,21,73,20,25,29,33,29,39,29,55,29,61,28,69,28,49,52,38,65,50,66,60,64
445,02499.jpg,26,21,41,19,54,19,67,20,30,28,35,27,39,27,54,28,58,27,63,28,48,48,36,66,48,67,57,65
446,02503.jpg,26,26,38,19,47,17,55,18,32,32,36,30,39,30,49,28,52,26,55,27,49,42,44,61,52,60,58,58
447,02531.jpg,15,21,38,19,59,20,79,20,21,28,29,28,36,29,59,29,66,28,75,29,50,52,34,66,50,67,63,66
448,02548.jpg,43,21,47,20,51,20,53,21,43,29,44,29,45,29,50,29,51,28,52,29,49,50,44,65,47,66,49,65
449,02549.jpg,30,24,41,23,48,21,51,17,34,30,38,29,41,29,47,27,49,25,50,24,48,53,39,65,47,66,51,62
450,02559.jpg,51,17,48,21,43,23,34,22,50,26,49,26,47,28,43,29,40,29,37,30,49,51,50,62,48,65,43,64
451,02574.jpg,16,22,37,21,57,21,74,20,22,29,30,28,36,29,57,29,63,28,70,28,50,52,35,65,49,66,61,65
452,02577.jpg,23,21,36,19,55,15,76,16,27,32,32,30,36,28,59,25,65,25,73,24,39,47,33,70,43,68,59,67
453,02582.jpg,23,26,32,24,42,20,54,17,28,34,32,32,35,32,48,29,51,26,55,26,43,51,43,66,50,66,59,62
454,02584.jpg,42,19,50,20,59,21,72,21,40,26,44,26,47,28,57,29,62,28,66,29,47,51,37,62,44,65,51,64
455,02585.jpg,21,19,39,20,56,22,72,22,26,27,33,27,39,28,55,30,60,29,67,30,49,52,35,63,48,66,57,64
456,02594.jpg,30,21,40,21,51,21,61,20,33,29,37,28,41,29,52,29,55,27,59,27,47,51,40,64,48,65,55,63
457,02598.jpg,31,23,38,21,47,20,58,20,34,32,38,31,40,31,50,30,53,29,57,29,43,51,42,69,48,69,55,67
458,02600.jpg,57,19,51,21,46,22,35,21,55,27,52,27,50,28,44,29,41,28,38,29,51,52,51,65,48,66,43,65
459,02602.jpg,19,20,35,21,54,20,74,19,24,29,31,29,36,30,57,29,64,28,71,28,42,51,35,65,46,66,62,65
460,02611.jpg,9,21,36,19,62,21,82,19,16,28,26,28,34,29,60,29,68,27,77,28,53,51,31,68,51,67,63,67
461,02617.jpg,11,27,25,24,47,17,69,13,17,35,24,33,30,32,53,27,60,23,67,22,40,49,34,71,48,67,63,65
462,02622.jpg,35,24,37,22,49,18,63,15,35,34,37,33,39,32,52,28,57,26,62,25,35,49,36,72,40,69,52,68
463,02627.jpg,17,22,38,22,56,23,72,20,24,28,31,28,37,29,55,29,61,27,68,27,50,54,35,64,49,66,60,64
464,02638.jpg,59,32,54,28,52,25,50,24,56,36,54,35,53,35,51,33,51,31,50,31,50,48,50,63,48,63,47,61
465,02642.jpg,29,19,40,23,55,23,71,21,32,27,37,28,41,29,56,30,61,29,67,29,43,54,37,66,46,69,56,68
466,02653.jpg,46,20,48,21,51,21,51,20,46,27,46,28,47,28,48,29,49,28,49,28,51,52,44,64,47,66,45,64
467,02662.jpg,9,27,31,24,50,19,70,15,18,33,27,32,34,32,52,28,58,25,66,23,48,51,37,65,50,65,62,60
468,02663.jpg,62,24,56,21,52,19,48,17,57,30,55,30,54,29,49,27,49,25,48,24,49,50,46,64,45,64,41,61
469,02670.jpg,17,22,30,22,51,18,77,15,22,32,29,31,34,31,58,27,66,26,75,25,37,53,34,69,46,69,65,66
470,02677.jpg,12,33,27,27,46,18,60,12,19,39,26,36,31,35,50,28,55,24,61,22,45,51,40,70,51,66,62,62
471,02680.jpg,8,12,34,19,70,26,92,32,12,21,22,24,33,27,70,33,81,35,89,38,43,53,18,62,42,68,67,70
472,02685.jpg,39,20,50,16,55,17,66,22,40,27,44,26,47,26,54,27,57,27,61,29,48,42,39,60,44,61,49,62
473,02694.jpg,12,18,37,19,63,21,86,23,17,26,26,27,35,28,62,30,72,30,80,31,50,52,29,66,48,68,64,68
474,02704.jpg,32,21,39,21,51,20,64,19,34,30,38,29,41,29,54,29,58,28,63,28,42,53,40,68,46,69,57,67
475,02718.jpg,23,22,39,21,54,21,71,22,28,30,35,29,39,30,55,31,61,30,67,31,47,51,37,68,47,69,57,68
476,02721.jpg,16,24,36,22,54,21,72,19,23,29,31,28,37,28,55,28,61,26,68,26,48,52,35,66,48,66,60,64
477,02746.jpg,16,19,35,20,57,20,78,19,21,28,29,28,36,29,58,30,65,28,74,29,46,50,33,66,48,67,61,67
478,02764.jpg,53,19,51,18,47,18,44,19,51,26,50,26,49,27,46,27,45,26,44,26,48,47,47,61,47,63,45,61
479,02767.jpg,42,21,47,20,49,20,46,21,44,29,45,28,46,29,48,29,47,28,47,29,52,49,46,65,50,66,50,65
480,02775.jpg,37,22,43,21,53,18,64,17,38,30,40,30,44,29,54,28,58,27,62,26,44,51,40,65,46,66,54,63
481,02784.jpg,10,23,33,22,57,20,79,17,17,30,26,30,33,30,59,28,66,26,74,25,50,53,34,65,51,66,67,63
482,02788.jpg,4,23,24,23,62,19,90,16,9,32,18,31,27,31,67,29,78,26,87,25,42,53,27,68,50,68,76,66
483,02794.jpg,51,20,49,19,48,20,42,20,49,28,48,27,47,28,46,29,44,27,42,28,49,49,45,65,46,65,45,64
484,02795.jpg,14,20,33,19,58,20,81,21,19,28,27,28,34,28,60,29,68,28,76,29,42,49,30,65,44,66,62,66
485,02798.jpg,25,27,31,22,39,17,50,16,30,36,33,34,35,32,46,29,49,27,53,27,35,50,43,71,46,69,56,67
486,02802.jpg,30,21,43,22,55,23,72,26,33,29,38,29,43,30,55,32,61,32,68,33,38,51,33,67,38,68,49,69
487,02815.jpg,9,23,27,21,57,17,85,15,14,33,22,32,30,31,64,27,74,26,83,25,38,51,29,69,47,68,71,65
488,02819.jpg,10,27,26,26,50,19,77,15,16,37,23,36,30,35,57,29,66,26,75,25,38,54,35,73,49,72,67,68
489,02820.jpg,18,20,40,20,58,21,72,20,24,28,32,28,38,29,57,29,62,28,68,28,55,53,38,69,53,69,61,69
490,02829.jpg,49,22,49,22,53,21,60,21,48,29,48,29,49,30,53,29,55,28,58,29,46,52,43,65,46,67,49,65
491,02833.jpg,34,22,39,20,47,19,56,19,37,31,39,30,40,30,50,29,53,28,56,28,42,47,43,67,46,66,54,65
492,02834.jpg,31,19,47,19,59,20,71,21,34,28,39,28,44,29,57,30,61,29,66,30,54,48,37,64,49,65,55,65
493,02836.jpg,14,20,37,20,59,21,80,21,20,28,29,28,37,29,60,31,67,30,75,30,48,52,33,64,48,66,63,65
494,02841.jpg,38,24,44,21,50,18,48,17,40,32,42,31,43,30,49,28,48,27,48,26,54,46,45,68,51,65,52,65
495,02845.jpg,14,20,32,19,57,18,81,19,19,30,26,29,33,29,62,29,70,28,78,28,40,49,30,66,45,66,65,66
496,02857.jpg,25,24,36,21,46,19,58,19,30,32,34,31,37,30,50,28,53,27,57,27,46,49,43,65,50,65,58,63
497,02858.jpg,48,22,49,23,52,23,53,22,47,29,47,29,48,30,50,31,51,29,52,30,48,53,43,64,46,66,47,64
498,02862.jpg,13,20,35,21,59,22,83,21,19,29,28,29,35,30,61,31,68,30,78,30,46,53,33,67,48,68,63,68
499,02864.jpg,19,21,38,20,56,21,75,21,24,28,31,28,37,28,57,29,63,28,71,29,48,51,34,64,47,66,60,64
500,02868.jpg,74,24,61,20,49,18,27,19,69,32,62,30,57,30,45,28,39,27,31,27,58,44,55,68,51,65,40,66
501,02873.jpg,18,18,38,21,60,22,81,22,23,26,31,27,38,28,60,30,67,28,76,29,49,54,33,63,49,66,63,64
502,02885.jpg,27,23,36,20,47,17,59,18,31,32,34,30,38,30,50,28,54,27,58,27,39,44,38,66,44,64,53,64
503,02893.jpg,42,23,44,21,49,20,52,20,42,30,43,30,44,30,50,30,51,28,52,28,47,51,44,67,47,67,51,65
504,02899.jpg,18,23,33,22,52,20,70,18,23,30,29,29,35,29,55,28,61,26,68,26,44,51,36,66,48,66,61,63
505,02900.jpg,18,20,37,18,56,18,77,20,23,29,30,28,36,28,57,28,64,28,72,29,43,47,33,65,45,65,58,65
506,02902.jpg,18,22,33,21,55,17,77,17,22,32,29,31,35,30,59,28,66,27,74,26,38,49,32,68,44,67,63,65
507,02913.jpg,52,22,53,21,53,20,51,18,50,29,50,29,50,29,50,28,50,26,49,26,53,51,46,65,49,66,45,63
508,02915.jpg,14,20,34,20,55,22,80,24,20,28,29,27,35,28,57,31,66,30,75,31,45,50,33,62,48,66,64,65
509,02945.jpg,38,23,41,23,49,20,61,17,39,31,41,31,43,31,53,29,56,27,61,27,41,55,43,67,47,68,57,65
510,02968.jpg,6,31,24,19,49,14,78,15,11,38,19,34,27,32,57,26,65,24,75,25,40,36,32,69,48,60,68,61
511,02977.jpg,36,17,53,24,65,29,80,32,37,25,43,27,48,30,61,36,66,36,72,38,48,56,30,63,40,68,47,69
512,02981.jpg,85,38,73,29,61,21,52,14,76,43,70,39,65,37,53,29,51,24,47,22,46,48,41,66,36,62,28,56
513,02995.jpg,16,22,34,19,54,18,75,19,21,29,29,28,35,28,56,28,62,27,70,27,44,46,33,64,46,63,61,63
514,02997.jpg,18,23,38,22,54,21,73,18,25,31,33,31,38,31,55,29,62,27,70,27,49,51,38,66,50,67,61,64
515,03002.jpg,33,18,45,20,55,22,67,24,36,26,40,26,44,28,54,30,58,30,63,31,48,51,40,64,47,67,53,66
516,03014.jpg,13,26,29,23,49,18,69,14,19,33,26,31,31,31,54,28,60,25,67,23,43,51,36,67,49,66,63,62
517,03018.jpg,71,24,60,20,51,19,40,18,65,30,61,29,58,29,47,28,44,26,40,26,48,48,48,62,43,62,36,59
518,03026.jpg,25,20,44,18,59,19,73,21,30,29,37,29,42,29,58,30,63,29,68,30,53,47,38,67,50,66,58,67
519,03033.jpg,19,27,35,22,49,18,62,15,26,34,33,32,37,31,51,27,55,24,60,23,47,48,41,66,49,64,59,61
520,03035.jpg,82,30,68,27,58,21,59,15,72,37,67,35,63,35,54,28,54,24,54,23,47,51,45,65,40,63,37,57
521,03049.jpg,38,19,49,20,58,23,73,24,38,26,43,26,47,28,57,30,61,30,67,31,48,52,36,62,45,66,50,65
522,03053.jpg,17,21,37,20,56,21,75,20,23,27,31,27,38,28,55,29,61,27,70,28,50,51,36,66,50,66,59,66
523,03055.jpg,76,28,60,20,53,16,50,14,66,36,61,33,56,32,50,26,49,23,47,22,41,41,42,67,37,62,35,61
524,03063.jpg,31,23,40,21,53,19,63,17,35,31,38,30,41,29,54,28,57,26,61,25,47,51,42,68,48,67,56,65
525,03065.jpg,45,22,50,22,55,22,63,21,44,30,46,29,48,30,54,30,56,29,59,29,49,51,41,64,46,65,49,64
526,03066.jpg,31,19,47,19,59,20,74,19,34,27,41,28,45,28,57,28,62,27,69,27,50,51,37,64,46,66,53,65
527,03070.jpg,16,18,36,20,61,22,85,23,21,26,30,27,37,29,62,31,71,30,80,31,42,52,30,66,44,68,62,69
528,03074.jpg,28,19,43,19,57,18,71,18,33,27,39,26,44,27,58,27,63,26,69,26,53,50,44,62,55,64,64,62
529,03076.jpg,18,20,38,20,59,21,80,21,24,27,32,27,39,28,59,30,67,29,75,29,49,51,34,64,49,66,62,65
530,03077.jpg,44,22,49,20,53,20,59,20,45,29,47,28,48,29,51,28,54,27,56,28,48,51,42,64,46,65,48,63
531,03082.jpg,23,19,40,19,56,21,73,22,27,27,33,27,39,28,56,30,62,29,69,30,48,50,35,65,48,66,58,66
532,03090.jpg,10,26,31,22,54,19,75,16,17,32,25,30,32,31,55,29,62,26,71,26,49,51,34,66,50,65,63,62
533,03094.jpg,28,22,39,21,50,20,63,18,32,30,36,29,40,29,52,28,56,27,61,27,45,50,39,66,48,66,55,64
534,03103.jpg,53,24,51,23,54,21,60,20,49,32,49,31,49,32,53,30,55,28,57,28,44,52,42,66,43,66,46,64
535,03114.jpg,20,20,39,20,57,21,74,20,25,28,32,28,38,29,56,29,62,28,69,29,50,51,35,63,49,64,59,63
536,03119.jpg,3,19,27,17,67,19,91,18,8,27,17,26,27,27,68,27,79,26,88,27,50,49,23,67,51,67,73,66
537,03121.jpg,27,22,42,22,54,22,66,20,32,29,37,29,41,29,53,29,57,28,63,28,49,52,38,65,48,66,55,64
538,03127.jpg,8,21,34,20,60,22,83,21,15,26,24,26,33,27,59,29,68,28,77,28,49,51,27,62,48,65,64,63
539,03133.jpg,22,21,40,20,55,20,71,19,27,28,34,28,39,28,55,29,61,27,67,27,49,51,37,66,50,67,58,65
540,03135.jpg,23,20,41,17,55,18,73,21,29,29,36,27,41,28,55,29,61,28,68,29,46,45,37,63,46,63,54,63
541,03143.jpg,34,22,45,19,53,19,59,19,37,30,40,29,42,28,52,28,55,27,57,28,52,50,43,71,49,70,53,69
542,03149.jpg,42,22,46,20,50,20,55,19,42,30,44,29,45,29,50,29,51,28,53,28,46,50,42,65,45,66,49,64
543,03154.jpg,28,24,36,23,48,19,57,17,33,32,36,31,39,30,51,28,54,26,57,25,44,50,42,68,48,67,56,65
544,03163.jpg,7,19,36,20,63,21,85,22,13,25,23,25,33,27,60,28,70,28,79,29,50,52,25,61,47,64,62,63
545,03164.jpg,12,21,35,21,58,22,80,20,19,27,28,27,35,28,58,29,65,27,74,27,49,52,31,61,48,64,63,62
546,03181.jpg,58,28,55,22,55,20,55,22,54,34,53,32,52,32,52,30,53,29,53,29,48,46,44,64,45,64,45,62
547,03182.jpg,29,27,37,22,44,19,49,19,35,34,38,32,40,32,47,29,48,27,50,28,45,44,45,64,48,63,54,61
548,03184.jpg,9,4,48,16,83,38,95,56,13,10,26,14,41,22,81,43,89,47,94,56,47,54,12,43,36,62,68,72
549,03185.jpg,12,21,36,20,60,20,79,20,19,28,27,27,35,28,59,29,65,27,74,28,52,51,32,66,51,66,63,66
550,03187.jpg,15,20,36,19,57,20,78,20,22,28,31,27,38,29,57,30,65,28,73,29,48,48,35,64,49,65,61,65
551,03193.jpg,16,21,37,21,56,21,75,18,23,27,31,27,37,28,55,28,62,26,70,26,49,52,35,63,49,64,60,63
552,03196.jpg,16,22,38,20,56,20,73,18,23,29,32,28,38,29,55,29,61,27,68,27,52,52,37,64,51,65,60,63
553,03198.jpg,24,22,39,21,57,20,76,20,28,30,34,29,39,30,58,29,65,28,72,29,46,48,35,69,47,68,58,69
554,03204.jpg,39,22,38,20,39,19,37,21,42,31,41,30,42,30,43,31,42,30,41,30,42,44,49,64,48,63,50,64
555,03209.jpg,8,23,31,23,57,23,81,18,15,29,24,29,32,30,58,29,67,26,76,26,48,54,30,63,49,65,65,62
556,03237.jpg,15,20,37,21,57,22,79,20,21,27,30,27,36,29,58,29,66,27,74,27,48,54,32,63,49,66,62,64
557,03240.jpg,34,22,42,22,51,21,60,19,37,30,40,29,43,30,52,29,55,27,58,28,48,52,42,66,49,67,54,65
558,03263.jpg,34,20,40,19,47,20,52,22,37,28,40,27,42,28,49,30,51,29,52,30,46,49,44,67,48,68,53,68
559,03264.jpg,18,21,38,21,57,21,75,20,24,28,31,27,37,28,56,29,62,27,70,28,49,52,35,66,48,66,59,65
560,03268.jpg,17,24,35,22,53,20,70,17,23,30,30,30,36,30,54,29,59,26,66,26,46,51,35,66,48,66,58,64
561,03275.jpg,13,21,36,19,60,20,81,22,19,28,27,28,35,29,59,29,67,28,75,29,47,49,29,68,47,67,60,68
562,03285.jpg,24,23,40,20,55,18,73,18,29,30,35,29,39,29,57,28,63,26,69,26,46,49,37,67,47,67,58,65
563,03289.jpg,52,21,45,20,42,17,42,17,49,30,47,29,46,29,44,27,44,26,44,26,34,48,43,65,38,64,42,63
564,03297.jpg,24,21,42,18,56,19,70,20,29,29,36,28,41,29,55,29,60,28,66,29,50,46,39,65,49,64,56,65
565,03309.jpg,15,19,36,20,60,21,81,21,20,27,29,27,36,29,60,30,68,28,76,29,51,53,33,64,50,66,64,65
566,03311.jpg,22,22,36,22,51,22,66,19,28,30,34,29,38,30,53,30,58,28,64,27,47,53,40,66,50,67,59,65
567,03313.jpg,39,22,44,19,48,20,50,22,41,29,42,29,44,29,49,29,49,29,50,30,49,47,46,65,49,65,52,65
568,03316.jpg,35,20,45,17,54,15,62,14,38,26,42,25,44,25,53,24,56,22,60,22,49,46,43,61,48,62,54,59
569,03320.jpg,17,20,38,20,58,21,75,22,23,27,30,27,37,28,57,30,63,29,70,30,49,51,33,65,47,66,59,66
570,03337.jpg,16,21,37,21,58,22,78,21,22,29,30,28,37,30,58,30,66,28,74,29,48,52,34,66,49,67,61,66
571,03339.jpg,31,20,40,19,51,19,61,20,33,29,36,28,39,28,53,28,56,28,59,28,43,49,37,68,44,68,52,68
572,03361.jpg,16,21,35,21,55,21,72,19,22,28,29,28,35,29,56,28,62,27,69,27,46,52,33,66,48,67,61,65
573,03366.jpg,45,21,41,20,35,20,21,20,46,29,44,28,42,29,36,29,32,28,27,29,48,49,53,64,50,64,45,64
574,03372.jpg,26,19,40,19,54,19,68,21,30,27,35,28,39,28,55,29,59,28,64,29,43,49,35,63,43,64,55,64
575,03379.jpg,24,18,41,19,56,20,73,23,27,27,34,27,39,28,56,30,61,30,68,30,48,50,35,63,47,66,58,65
576,03382.jpg,22,21,37,20,55,20,70,20,27,29,33,28,38,29,56,29,61,28,67,28,46,50,36,66,48,67,58,66
577,03392.jpg,43,15,62,21,73,28,85,37,44,23,50,24,54,29,67,37,73,38,78,41,52,49,30,57,41,62,48,66
578,03396.jpg,17,22,34,21,54,20,74,18,22,30,29,29,35,29,57,29,63,27,70,27,45,51,34,67,48,67,62,65
579,03399.jpg,11,22,31,23,55,22,80,19,17,29,26,29,33,30,57,30,66,27,75,27,45,52,32,59,48,62,67,58
580,03403.jpg,13,23,34,22,57,20,76,18,19,29,27,29,34,29,57,29,63,27,71,26,50,52,34,67,51,67,63,65
581,03409.jpg,32,18,45,19,57,22,71,24,34,26,39,26,43,28,57,31,61,31,66,32,47,49,36,63,46,66,54,66
582,03413.jpg,14,23,33,23,56,21,74,17,20,30,28,30,34,30,57,29,63,27,71,26,49,53,35,69,50,68,62,67
583,03414.jpg,11,24,30,23,53,20,74,16,17,32,24,31,31,31,55,29,62,26,70,25,44,53,31,70,47,68,61,66
584,03435.jpg,15,22,36,22,57,23,76,20,22,28,30,28,37,30,57,30,64,28,72,28,49,53,35,65,49,66,60,65
585,03441.jpg,56,20,53,19,49,18,37,18,54,28,52,27,51,27,46,26,43,25,39,26,56,46,50,67,50,65,43,65
586,03443.jpg,30,23,38,21,45,20,51,21,34,31,37,30,40,31,47,30,49,29,52,30,47,50,46,66,51,66,56,65
587,03459.jpg,26,19,42,18,57,18,70,19,31,27,36,27,41,27,56,27,61,27,66,28,50,48,37,66,48,67,56,66
588,03469.jpg,17,20,36,21,57,22,79,20,22,27,30,28,37,28,59,29,66,28,75,28,44,53,32,61,47,65,64,62
589,03484.jpg,43,11,62,23,74,33,91,42,41,20,48,23,53,29,70,40,77,41,85,46,45,52,22,53,33,63,47,67
590,03487.jpg,19,12,50,19,74,26,93,33,23,22,35,23,43,27,71,34,80,36,88,39,44,49,18,56,36,63,57,66
591,03488.jpg,27,19,44,23,48,22,49,19,34,28,39,29,42,29,46,29,47,28,48,28,55,54,44,64,51,66,49,63
592,03491.jpg,28,23,38,23,46,20,49,16,34,31,37,30,39,30,47,29,48,26,50,25,49,52,46,65,50,66,55,62
593,03492.jpg,24,23,35,23,51,20,67,16,29,31,34,30,38,30,54,28,60,26,66,25,43,54,40,64,48,65,62,61
594,03494.jpg,62,23,56,21,53,20,49,18,57,30,55,29,54,29,50,28,50,26,48,26,49,49,47,63,46,64,42,61
595,03509.jpg,91,38,76,27,54,16,26,10,84,43,77,38,70,35,46,25,38,21,28,19,56,46,57,69,44,63,27,57
596,03529.jpg,28,18,45,19,60,21,76,25,31,26,37,26,42,28,58,31,64,31,71,33,48,47,35,62,47,64,56,65
597,03534.jpg,19,19,39,21,58,23,76,22,25,27,32,28,39,29,56,31,63,30,70,30,49,53,34,65,48,67,57,67
598,03540.jpg,82,28,61,23,44,19,29,16,75,35,67,33,61,33,43,28,38,25,33,24,47,51,55,67,45,66,37,61
599,03547.jpg,13,23,32,21,56,19,78,17,19,30,27,30,34,30,58,29,66,27,74,27,45,49,33,67,48,67,62,66
600,03550.jpg,10,30,29,25,49,18,69,12,18,35,26,33,32,32,53,26,59,22,67,20,46,52,38,65,51,64,66,57
601,03551.jpg,12,21,35,19,57,19,79,19,19,29,28,28,35,28,58,28,66,27,74,28,47,49,32,66,48,66,61,65
602,03552.jpg,19,20,40,21,57,23,72,21,25,28,32,28,38,29,56,30,61,28,67,29,52,54,36,66,49,68,57,67
603,03559.jpg,27,20,41,19,56,20,69,21,31,28,36,27,40,28,55,30,60,28,66,29,48,50,37,66,47,66,56,66
604,03560.jpg,15,19,37,20,60,22,80,22,20,26,28,27,36,28,59,30,66,29,74,30,49,52,30,65,49,67,61,67
605,03574.jpg,33,17,42,16,47,20,50,24,37,25,40,25,42,27,47,30,48,31,51,32,50,46,47,61,51,64,53,66
606,03589.jpg,11,21,33,21,59,20,80,18,17,28,26,28,33,29,59,30,67,27,76,27,49,52,33,66,51,66,66,65
607,03593.jpg,13,16,37,20,64,23,87,24,18,25,26,26,36,29,64,31,73,30,82,32,48,55,27,65,48,68,65,68
608,03601.jpg,64,19,47,20,36,22,19,24,60,27,54,28,49,29,37,31,32,31,25,32,44,51,55,66,46,67,40,68
609,03606.jpg,25,20,40,20,54,20,66,20,29,28,34,27,39,28,54,29,57,28,63,28,49,51,37,65,49,66,56,65
610,03607.jpg,38,18,47,18,56,20,70,23,38,27,42,27,45,28,55,29,60,30,65,31,42,48,33,62,40,64,48,65
611,03608.jpg,28,17,41,19,54,21,71,22,30,26,36,26,41,28,55,29,60,29,66,29,43,51,33,62,43,66,55,64
612,03611.jpg,28,22,42,19,55,19,66,19,32,30,36,29,41,29,55,29,59,28,64,28,52,49,41,67,50,67,57,66
613,03615.jpg,66,18,56,18,45,17,25,18,62,27,57,26,54,26,41,27,35,26,28,27,57,46,56,65,51,65,40,66
614,03616.jpg,16,16,40,18,64,22,84,26,21,25,29,26,38,28,63,32,71,32,79,34,48,49,27,62,46,66,60,66
615,03617.jpg,27,20,40,19,53,19,67,20,30,29,36,29,40,29,54,29,59,28,64,29,44,47,36,64,44,64,54,64
616,03618.jpg,29,22,41,20,48,19,51,16,35,29,39,28,41,28,49,27,51,25,53,24,54,50,49,66,55,66,59,64
617,03624.jpg,15,22,37,21,58,21,79,19,21,29,30,28,36,29,60,29,67,27,75,28,51,52,36,66,51,67,64,66
618,03630.jpg,36,19,45,19,52,19,55,20,39,27,41,27,44,27,52,29,53,28,55,28,52,49,45,65,51,65,54,65
619,03639.jpg,28,25,39,20,48,19,56,17,33,30,37,28,39,28,49,26,51,25,54,24,43,50,41,67,45,66,54,63
620,03647.jpg,27,20,45,21,56,21,66,19,32,28,38,28,42,29,53,29,57,27,62,27,55,53,39,66,51,67,52,66
621,03649.jpg,16,20,37,21,58,22,78,20,21,28,29,28,35,29,58,29,65,28,73,28,49,53,32,67,49,68,61,67
622,03651.jpg,33,23,41,20,52,18,63,19,35,32,39,30,42,30,53,29,57,28,61,28,46,46,40,69,46,67,53,67
623,03653.jpg,22,20,39,19,56,21,73,21,27,27,34,27,39,28,56,29,62,28,69,29,49,51,35,63,49,66,58,64
624,03658.jpg,23,20,40,20,56,20,70,21,28,27,34,27,39,28,55,29,60,28,66,28,50,51,37,65,49,67,58,66
625,03664.jpg,4,23,27,21,63,21,86,20,9,29,17,28,26,29,63,30,72,28,82,28,49,53,24,68,50,68,69,68
626,03667.jpg,20,23,40,22,54,20,66,18,27,30,34,29,39,29,53,28,57,27,62,26,52,52,39,66,50,67,56,64
627,03669.jpg,14,22,37,21,58,22,77,20,21,28,29,28,36,29,57,29,64,27,72,28,51,53,34,64,50,65,62,63
628,03670.jpg,8,23,31,24,57,23,81,19,15,29,24,28,32,30,58,29,66,26,76,26,49,55,30,62,49,65,66,61
629,03680.jpg,30,21,41,20,53,20,64,21,33,28,37,28,41,29,53,29,57,28,61,28,48,51,39,65,49,66,56,65
630,03692.jpg,11,19,37,22,60,24,80,21,17,27,26,27,34,29,58,29,66,28,75,28,50,54,26,58,46,64,62,60
631,03698.jpg,27,18,40,20,54,21,69,22,29,27,34,27,39,29,54,30,59,29,65,30,42,52,32,65,42,68,52,67
632,03700.jpg,11,5,49,17,78,35,95,55,15,13,29,16,41,24,76,41,86,45,92,54,45,53,14,44,35,61,64,69
633,03706.jpg,85,16,59,16,30,17,7,20,79,24,69,24,60,25,30,26,20,27,12,28,46,43,65,62,45,62,28,64
634,03707.jpg,26,21,38,20,51,20,62,20,31,27,35,27,39,28,52,28,56,27,60,27,48,50,40,63,49,64,57,62
635,03717.jpg,7,24,28,22,56,20,82,16,14,30,23,29,30,29,59,28,69,25,78,25,46,52,30,65,50,65,68,63
636,03720.jpg,23,19,37,22,57,23,77,21,27,27,33,27,39,29,58,30,66,29,73,29,45,54,36,64,48,66,61,65
637,03733.jpg,39,21,45,19,49,18,51,18,41,29,42,28,44,28,49,28,50,27,50,27,48,50,44,67,47,67,49,67
638,03734.jpg,27,19,44,21,58,23,72,23,31,27,37,28,43,29,57,31,62,30,68,31,51,53,38,65,49,67,56,67
639,03737.jpg,26,17,46,18,61,21,72,24,31,25,36,25,41,27,58,31,62,30,66,32,55,48,36,67,49,67,57,70
640,03740.jpg,12,19,36,18,61,20,83,21,18,26,27,26,35,27,62,29,70,29,78,30,50,48,31,66,49,67,64,68
641,03742.jpg,48,22,48,19,48,17,46,17,47,29,47,27,47,27,47,26,47,25,46,25,46,48,45,64,45,64,45,62
642,03745.jpg,15,20,38,20,60,22,80,20,22,29,30,29,37,30,60,30,68,28,76,29,52,52,35,67,51,68,62,67
643,03751.jpg,48,22,45,21,44,21,38,20,48,29,46,29,46,29,44,30,43,29,41,29,47,51,48,66,47,67,46,66
644,03754.jpg,10,21,37,21,64,24,85,24,17,27,26,27,36,29,62,31,71,29,80,31,49,51,26,63,47,65,63,65
645,03764.jpg,36,23,37,22,41,21,44,21,39,30,40,29,41,29,46,30,46,28,47,28,45,51,48,65,50,66,54,65
646,03768.jpg,33,23,45,21,57,21,66,20,36,29,39,29,43,29,56,30,60,28,64,28,51,51,40,66,49,66,56,65
647,03784.jpg,28,16,43,20,57,23,76,25,31,25,37,26,42,29,57,32,64,31,71,32,46,52,35,62,46,66,57,66
648,03795.jpg,3,17,25,17,60,19,88,18,8,24,17,23,27,25,62,28,74,26,84,27,46,47,25,64,50,65,71,65
649,03796.jpg,34,23,42,22,48,21,55,20,38,30,41,29,43,30,49,29,51,28,54,28,46,51,43,65,47,66,52,64
650,03799.jpg,16,19,41,20,62,21,78,21,21,27,30,28,37,29,60,30,65,29,72,30,54,52,32,66,49,67,59,67
651,03805.jpg,6,29,26,26,52,20,78,14,12,35,20,33,28,33,56,29,64,24,74,23,46,53,32,67,52,67,70,61
652,03813.jpg,16,29,36,25,48,21,53,15,25,35,31,34,37,34,48,29,50,26,54,24,55,54,44,68,54,67,58,62
653,03815.jpg,13,24,33,22,55,21,74,17,20,30,28,29,34,29,56,29,62,26,70,26,50,53,35,65,51,66,64,62
654,03816.jpg,32,20,42,21,52,21,62,21,35,28,39,28,42,29,53,29,56,28,60,29,47,51,40,64,48,66,55,64
655,03821.jpg,11,20,35,20,61,22,83,21,16,27,25,28,33,29,61,30,69,28,78,29,50,53,29,66,49,68,64,67
656,03832.jpg,15,19,37,22,59,24,80,23,21,26,28,27,36,29,58,32,66,30,74,31,49,56,31,65,49,68,60,67
657,03833.jpg,16,22,35,19,58,19,76,19,22,29,29,28,35,28,59,28,65,27,73,28,50,47,35,66,50,65,62,65
658,03836.jpg,22,21,39,19,55,19,70,20,27,28,33,28,39,29,55,29,60,28,66,29,49,46,37,64,49,64,58,64
659,03838.jpg,31,22,43,17,53,17,60,19,36,29,39,28,43,28,53,27,55,26,59,27,55,43,45,62,55,61,58,61
660,03846.jpg,47,27,50,21,51,18,50,15,47,31,48,30,48,29,48,26,48,24,48,23,49,49,44,67,46,65,46,63
661,03852.jpg,10,22,35,20,60,20,80,18,17,30,25,29,34,30,60,29,67,27,75,27,54,50,34,69,53,67,65,67
662,03856.jpg,13,22,35,23,56,23,75,20,20,28,28,28,35,29,56,30,62,27,70,27,47,54,32,64,49,66,61,63
663,03859.jpg,27,20,46,18,57,18,69,19,32,28,39,27,43,28,55,27,59,27,64,27,50,49,37,66,46,66,51,65
664,03862.jpg,55,22,48,18,43,19,34,20,53,28,50,27,48,28,43,28,41,27,37,28,46,47,49,66,46,65,43,66
665,03867.jpg,4,20,28,20,63,21,89,20,9,28,19,28,28,29,64,29,74,27,84,28,48,51,22,61,48,64,70,62
666,03869.jpg,30,23,40,21,52,21,64,21,34,30,37,29,40,30,53,30,56,29,61,29,45,54,40,68,47,69,56,68
667,03879.jpg,82,34,69,28,56,22,42,17,74,40,68,37,62,36,49,30,46,27,40,25,46,51,43,68,36,66,29,62
668,03905.jpg,24,20,38,21,54,21,71,20,28,28,34,28,39,29,55,29,61,28,67,28,44,50,36,65,46,66,57,65
669,03916.jpg,14,21,35,19,58,20,78,20,20,28,28,27,35,28,58,29,65,28,73,28,48,50,32,65,48,65,62,65
670,03917.jpg,29,24,39,22,49,19,59,17,33,32,37,31,40,31,51,29,54,26,57,26,46,51,42,67,48,66,54,64
671,03929.jpg,18,18,40,18,60,20,78,22,23,26,31,27,38,28,59,30,65,29,73,30,50,49,34,64,49,65,61,65
672,03932.jpg,19,20,39,20,56,21,75,20,25,27,32,27,38,28,56,30,63,28,70,28,47,53,35,65,47,66,58,65
673,03933.jpg,52,19,39,21,25,25,9,28,54,27,48,27,45,29,28,34,21,33,15,36,48,46,66,59,56,61,44,64
674,03934.jpg,17,33,30,27,40,20,43,12,27,39,31,36,35,35,44,28,46,24,47,22,50,52,51,68,56,66,61,61
675,03937.jpg,15,22,36,18,57,18,76,19,21,30,29,29,36,29,58,28,64,28,71,28,48,46,34,67,49,66,61,66
676,03938.jpg,23,21,35,22,52,21,68,18,28,29,33,29,37,29,54,29,60,27,66,27,43,52,38,66,48,67,59,66
677,03942.jpg,19,20,36,16,56,17,77,21,23,29,30,28,35,28,58,28,65,28,72,29,41,42,32,65,42,63,58,65
678,03946.jpg,49,26,51,24,56,21,66,18,46,34,47,32,48,32,56,30,58,28,62,28,47,52,41,68,45,68,51,66
679,03958.jpg,16,23,33,21,55,20,73,17,22,30,29,29,34,29,56,29,63,26,70,26,49,51,36,66,50,66,63,64
680,03967.jpg,17,25,35,22,53,20,70,18,23,31,30,30,36,30,54,29,59,27,66,27,48,51,37,66,49,66,60,64
681,03971.jpg,53,20,43,21,32,21,16,23,54,27,50,27,48,29,35,31,31,29,25,31,54,42,67,54,61,56,50,58
682,03973.jpg,24,19,40,20,57,21,73,21,28,26,34,27,39,28,56,30,62,29,68,29,48,52,35,64,48,66,58,66
683,03985.jpg,25,23,37,20,50,17,67,16,29,32,34,30,39,30,54,27,59,26,65,26,42,48,38,67,46,66,58,63
684,04001.jpg,11,26,32,23,55,19,72,15,18,32,26,31,33,31,56,28,61,25,69,24,50,52,36,68,51,66,64,63
685,04003.jpg,24,22,39,21,53,20,65,19,29,30,34,29,39,29,54,29,58,28,62,28,49,51,38,65,49,66,58,64
686,04006.jpg,35,21,45,18,54,19,63,24,37,29,41,28,43,29,53,30,55,30,59,31,45,43,36,61,43,61,49,62
687,04010.jpg,37,22,42,20,51,20,59,21,39,31,41,30,43,30,52,30,54,29,58,30,47,50,43,68,49,68,55,67
688,04020.jpg,38,22,41,19,47,18,51,18,40,31,41,29,42,30,49,29,50,27,52,28,44,47,43,68,46,66,50,67
689,04028.jpg,22,34,30,28,39,21,45,16,29,40,32,37,35,36,45,30,46,27,48,26,44,50,48,68,52,66,58,62
690,04046.jpg,51,21,48,22,51,21,53,19,49,29,48,28,48,29,50,28,51,27,52,27,47,53,45,63,47,65,51,61
691,04058.jpg,19,16,46,19,66,22,83,26,24,25,33,26,42,28,63,32,70,31,78,33,52,50,30,61,47,64,59,65
692,04071.jpg,19,24,36,21,52,19,69,18,25,31,32,29,37,30,54,29,59,27,66,27,47,49,38,66,49,66,59,64
693,04081.jpg,18,20,40,19,59,21,77,23,23,27,31,27,39,29,56,32,64,31,71,32,48,50,32,65,46,66,56,67
694,04091.jpg,5,20,27,20,61,20,88,20,9,27,18,28,27,28,64,28,75,27,84,27,45,52,22,63,48,67,71,64
695,04095.jpg,18,22,37,21,56,21,73,20,24,29,32,28,38,29,56,29,63,27,69,28,49,52,36,65,49,66,60,64
696,04096.jpg,25,17,42,20,60,22,78,23,28,25,35,26,41,28,59,30,66,30,73,30,47,51,34,63,46,66,57,65
697,04101.jpg,9,32,28,26,50,18,66,11,17,39,24,36,31,34,53,26,59,22,65,20,49,52,38,70,52,66,65,60
698,04102.jpg,24,21,41,21,56,22,70,22,28,29,34,29,39,30,55,31,60,29,66,30,49,53,37,67,49,68,56,67
699,04103.jpg,9,19,34,18,63,20,86,23,14,27,24,28,32,28,63,30,73,29,82,31,48,50,26,67,48,68,65,68
700,04113.jpg,17,19,37,20,60,22,80,21,22,27,30,27,37,29,59,31,66,29,74,30,49,51,33,66,48,67,60,68
701,04128.jpg,16,21,37,22,57,21,78,18,22,29,30,29,36,30,58,29,65,26,73,26,48,54,34,66,49,67,62,64
702,04159.jpg,29,26,33,23,41,18,46,16,33,34,35,32,37,31,45,28,46,26,48,25,38,51,43,68,45,66,51,64
703,04183.jpg,23,21,39,20,55,20,69,20,28,28,34,28,39,29,54,30,59,28,65,28,50,49,39,66,49,66,58,66
704,04184.jpg,31,22,38,21,49,19,58,18,34,30,37,29,40,29,51,28,54,27,58,27,44,49,41,65,47,65,55,64
705,04190.jpg,20,23,37,21,53,20,68,19,25,30,32,29,37,30,54,29,59,27,65,27,48,50,37,64,50,65,59,62
706,04192.jpg,14,18,36,18,60,20,82,22,19,26,28,26,35,27,60,29,68,29,77,30,47,49,30,59,46,63,64,62
707,04196.jpg,65,23,59,20,54,18,44,19,59,29,56,28,55,28,50,27,48,25,45,26,55,48,47,66,48,66,42,64
708,04209.jpg,65,23,54,19,46,18,33,18,61,30,56,29,53,29,45,28,41,26,36,26,52,47,53,66,49,65,43,65
709,04213.jpg,17,22,39,18,56,18,73,20,23,30,31,30,38,30,56,30,61,29,68,30,51,46,35,65,48,64,58,65
710,04214.jpg,25,19,39,20,53,21,66,21,30,26,35,26,39,27,53,29,58,28,63,29,49,50,38,62,49,65,58,64
711,04222.jpg,32,21,41,21,52,21,61,20,35,29,38,28,41,29,53,29,56,28,59,28,47,51,40,65,48,66,55,64
712,04239.jpg,56,22,49,21,46,22,36,22,54,30,51,30,49,31,45,31,43,30,40,31,50,54,52,69,50,70,47,69
713,04240.jpg,33,16,48,20,63,24,80,25,35,25,41,25,46,28,61,32,67,31,74,33,48,53,36,62,45,66,54,67
714,04241.jpg,40,20,44,20,50,21,56,22,40,28,42,28,44,29,50,30,52,29,54,30,45,51,41,64,45,66,49,65
715,04250.jpg,24,25,37,24,48,22,60,18,30,31,35,30,39,31,50,29,54,26,58,26,46,53,41,64,49,66,58,62
716,04254.jpg,25,25,39,22,49,20,55,18,32,31,36,30,40,30,50,29,52,26,55,26,52,50,45,64,52,64,58,62
717,04258.jpg,65,19,55,22,42,22,20,21,61,28,55,28,51,28,38,29,31,29,24,29,54,53,53,67,48,69,35,68
718,04264.jpg,25,20,41,20,56,21,68,22,30,28,35,28,40,29,55,30,59,29,64,30,49,52,37,64,48,66,56,64
719,04269.jpg,6,24,29,23,58,23,83,17,12,29,22,28,30,29,59,29,68,26,78,25,50,54,29,62,51,65,69,61
720,04271.jpg,28,25,42,19,51,17,63,16,33,30,39,28,42,27,52,26,56,24,60,23,47,45,39,63,47,63,56,60
721,04274.jpg,21,21,38,20,55,21,72,19,26,28,33,28,38,29,55,29,61,28,68,28,49,51,37,65,49,66,59,65
722,04275.jpg,63,22,51,22,45,21,36,20,57,30,53,30,51,30,44,29,42,28,38,28,45,52,48,64,44,66,41,63
723,04284.jpg,72,25,63,20,52,16,38,14,66,31,62,29,59,29,47,24,45,22,40,21,54,47,51,64,47,62,37,59
724,04288.jpg,25,21,39,21,52,21,67,19,29,28,35,27,40,28,53,28,58,27,63,27,46,51,38,63,46,64,56,63
725,04301.jpg,46,22,48,18,49,17,47,16,46,28,47,27,47,27,48,26,47,24,47,24,50,48,46,65,48,65,47,64
726,04307.jpg,69,28,58,22,51,20,44,17,62,34,57,32,54,32,48,28,46,26,43,25,45,49,45,65,42,64,38,61
727,04310.jpg,16,21,35,19,56,19,78,19,22,29,29,29,35,29,58,28,66,27,74,28,46,50,35,68,48,68,62,67
728,04317.jpg,53,23,50,18,47,17,38,16,50,29,49,28,48,27,45,26,43,25,40,25,48,48,47,67,46,67,42,65
729,04322.jpg,37,20,52,19,59,20,68,21,40,29,45,29,49,30,57,31,60,30,63,31,54,50,43,69,51,69,51,70
730,04325.jpg,13,20,34,18,58,19,79,19,18,28,26,27,33,27,59,27,66,26,74,27,47,48,30,68,47,68,62,68
731,04333.jpg,27,21,39,20,53,19,65,20,31,29,36,29,40,29,54,29,58,28,62,28,46,49,38,66,47,66,56,65
732,04351.jpg,39,18,44,18,54,19,67,22,38,27,41,27,44,28,54,30,59,29,63,30,43,46,38,64,43,65,51,65
733,04352.jpg,43,22,40,21,41,20,41,19,43,30,43,29,42,30,44,29,45,27,44,28,40,50,48,65,47,66,50,64
734,04353.jpg,32,21,43,21,53,22,63,21,35,28,40,28,43,29,52,30,55,28,59,29,49,52,41,65,48,66,52,65
735,04369.jpg,12,23,30,20,57,17,79,17,18,31,25,30,33,29,60,28,67,26,75,26,47,49,34,72,50,69,64,70
736,04373.jpg,45,21,43,19,44,20,39,20,45,29,44,29,44,29,45,30,44,29,42,30,46,49,47,67,47,67,48,67
737,04377.jpg,22,20,39,20,55,21,72,21,27,28,34,28,39,29,55,30,61,29,68,30,50,51,38,67,50,68,57,67
738,04378.jpg,56,21,56,23,56,22,63,19,51,29,51,29,52,30,53,29,55,27,57,27,46,50,38,61,40,63,41,60
739,04383.jpg,35,20,45,19,51,19,50,20,40,28,43,28,45,29,49,30,48,29,49,30,54,47,47,63,51,63,54,63
740,04385.jpg,19,20,39,21,57,22,75,21,25,28,32,28,38,30,56,31,62,29,69,30,50,52,36,66,49,67,57,67
741,04386.jpg,23,22,41,19,54,19,65,20,29,29,35,28,40,29,54,30,57,28,63,29,55,48,42,67,53,66,60,67
742,04402.jpg,12,20,30,20,57,19,81,18,17,28,25,28,32,29,60,28,68,27,77,27,41,51,29,66,46,66,66,64
743,04405.jpg,13,23,32,21,55,20,76,18,19,31,27,30,33,30,56,29,64,27,72,27,47,49,33,67,49,66,61,65
744,04418.jpg,16,25,32,21,51,17,71,16,22,33,29,31,35,30,55,27,61,25,68,25,41,47,34,70,46,67,59,65
745,04423.jpg,14,22,36,20,59,20,78,20,20,28,28,27,35,28,59,28,65,27,73,27,50,52,31,65,49,67,63,65
746,04427.jpg,3,21,27,16,64,16,91,18,7,29,17,28,27,28,65,28,78,27,87,28,43,42,22,65,47,64,70,65
747,04440.jpg,27,19,41,21,55,21,71,22,30,27,36,28,41,29,55,29,61,29,67,29,48,51,36,62,47,65,58,63
748,04441.jpg,18,25,33,19,50,17,70,18,24,32,30,30,35,29,54,27,60,26,66,26,43,45,37,66,48,64,60,63
749,04454.jpg,14,22,35,18,57,18,78,20,20,28,28,28,34,27,59,28,66,27,74,28,48,47,32,66,49,66,64,65
750,04458.jpg,12,19,37,19,60,21,83,21,18,27,28,27,36,28,60,30,69,29,78,30,48,51,30,65,47,66,61,66
751,04466.jpg,18,20,36,19,57,19,76,19,23,28,30,28,36,28,58,29,64,28,72,28,46,48,34,67,48,67,61,67
752,04471.jpg,4,19,28,17,65,18,90,20,9,27,18,27,28,27,66,28,77,28,86,29,47,47,23,63,48,65,72,64
753,04472.jpg,12,28,31,24,50,19,70,14,19,34,27,32,33,32,53,28,59,24,67,23,45,51,36,66,49,65,64,60
754,04473.jpg,18,21,37,21,56,22,75,21,23,29,31,29,37,30,57,30,63,28,71,29,49,52,34,64,49,66,62,64
755,04476.jpg,61,21,51,18,45,18,34,20,57,29,53,28,51,29,45,29,42,28,37,29,50,45,52,67,49,65,45,67
756,04479.jpg,11,19,32,21,58,22,82,19,16,28,26,28,34,30,59,30,69,28,78,28,45,53,31,64,48,66,64,64
757,04503.jpg,51,21,45,21,44,21,43,19,49,30,48,29,47,30,46,29,46,28,45,28,42,51,48,68,46,68,46,67
758,04505.jpg,24,20,42,19,57,19,73,19,28,26,35,26,40,26,56,26,62,26,68,27,50,48,37,61,49,63,58,61
759,04516.jpg,20,18,41,21,59,24,77,23,25,26,32,27,39,29,57,32,63,30,71,32,49,53,34,65,48,67,56,67
760,04526.jpg,17,21,35,19,56,19,74,18,23,29,30,28,35,28,57,28,63,26,70,27,47,49,34,66,49,66,61,65
761,04534.jpg,21,22,41,21,57,21,71,21,26,29,33,29,39,30,56,30,61,29,67,29,51,52,37,67,50,67,57,66
762,04536.jpg,17,19,39,20,60,21,78,21,22,27,30,28,37,29,59,30,66,29,73,29,50,52,33,67,48,67,60,68
763,04543.jpg,19,22,36,22,53,20,70,18,24,31,31,30,36,30,54,29,60,27,66,27,45,52,34,67,46,68,57,65
764,04557.jpg,4,25,26,17,60,16,88,16,9,32,18,30,27,29,63,27,73,25,83,26,47,44,27,67,50,64,71,63
765,04559.jpg,19,21,38,20,58,21,76,21,24,27,31,27,37,28,58,29,64,28,72,28,50,51,35,65,50,66,61,65
766,04562.jpg,10,22,33,21,57,21,79,19,16,28,25,27,32,27,57,28,65,26,74,26,49,52,31,64,49,65,65,63
767,04564.jpg,23,20,39,20,56,21,73,21,28,27,34,28,39,29,56,30,62,29,68,29,47,52,37,66,48,67,58,67
768,04568.jpg,26,21,43,22,57,24,72,24,30,29,36,29,41,31,57,32,62,31,68,32,50,54,37,66,48,69,56,68
769,04581.jpg,9,25,33,20,59,18,80,18,15,32,24,30,32,30,60,29,67,26,76,27,53,51,33,70,53,69,67,67
770,04585.jpg,22,20,40,19,56,21,72,22,27,27,34,27,39,28,56,30,61,29,67,30,48,50,34,63,47,65,57,64
771,04589.jpg,32,20,44,20,54,21,64,22,35,28,39,27,43,28,53,30,56,29,60,30,50,51,39,65,49,66,53,65
772,04591.jpg,36,21,43,20,51,20,57,19,38,29,40,28,43,29,51,29,54,27,56,28,49,50,43,65,49,66,54,65
773,04600.jpg,15,20,42,21,60,22,77,20,22,28,31,28,39,30,58,30,64,29,71,29,54,53,35,67,50,67,57,67
774,04603.jpg,13,25,35,22,55,20,73,18,20,31,28,30,35,30,55,28,61,26,69,26,50,52,34,64,50,65,62,61
775,04607.jpg,46,21,52,24,60,24,71,24,45,29,47,29,50,31,59,31,63,30,67,30,48,53,39,62,46,65,52,63
776,04609.jpg,19,25,34,22,51,18,62,16,25,33,31,31,36,31,52,28,57,25,61,24,47,50,39,67,50,66,59,63
777,04614.jpg,55,19,51,15,46,14,41,13,53,26,52,25,50,25,45,23,44,22,43,22,48,43,50,61,46,60,43,59
778,04617.jpg,32,22,43,20,51,20,57,21,35,30,39,29,42,30,51,30,53,29,56,29,49,51,42,67,48,68,53,67
779,04620.jpg,57,17,49,17,47,18,45,20,54,26,52,26,50,27,47,28,47,28,46,28,46,47,49,62,45,64,45,64
780,04629.jpg,16,22,32,20,55,19,76,18,21,29,28,28,34,28,58,28,65,27,73,26,46,49,34,65,50,66,65,63
781,04633.jpg,18,19,39,18,59,19,79,21,23,27,31,26,38,27,59,28,66,27,74,28,44,47,29,60,43,63,58,61
782,04634.jpg,24,23,38,20,51,19,63,19,29,31,34,30,38,30,53,29,57,28,62,28,47,49,40,66,49,66,57,65
783,04635.jpg,16,19,33,21,54,19,77,17,21,28,28,28,35,28,58,27,66,26,74,26,42,52,33,64,46,66,63,63
784,04643.jpg,34,21,42,21,51,21,61,21,36,29,39,29,42,29,53,30,56,29,60,29,46,51,40,64,47,66,55,64
785,04655.jpg,11,11,42,16,73,26,93,37,15,19,26,21,37,26,71,36,81,38,89,42,48,47,18,55,41,63,64,68
786,04657.jpg,19,23,38,22,54,20,64,17,25,31,31,30,36,30,54,29,58,26,63,26,53,52,40,69,52,68,61,66
787,04664.jpg,14,19,38,20,62,22,82,22,19,27,28,28,36,29,61,31,69,29,77,30,52,52,32,67,50,68,63,68
788,04666.jpg,15,22,34,21,55,19,74,18,21,29,28,28,34,29,56,27,63,26,70,25,45,51,32,66,46,66,61,63
789,04669.jpg,32,21,44,19,55,19,66,21,35,29,39,29,43,29,55,30,58,28,62,29,47,49,39,67,47,66,54,66
790,04674.jpg,44,23,47,20,50,19,54,17,44,30,45,29,46,29,50,27,52,26,53,26,48,49,45,66,47,65,50,63
791,04681.jpg,33,19,44,19,54,19,65,20,35,27,39,27,42,28,53,28,58,28,62,28,47,51,38,65,47,67,53,65
792,04686.jpg,47,26,48,25,51,25,53,23,48,34,48,34,48,35,49,34,50,33,52,32,47,60,45,74,46,75,46,73
793,04691.jpg,40,23,44,22,48,21,51,20,42,30,43,30,44,30,49,30,50,28,52,28,48,53,46,65,49,67,52,65
794,04698.jpg,25,23,39,21,50,21,62,20,31,30,36,30,40,30,51,29,55,28,59,29,48,51,40,66,49,67,56,65
795,04706.jpg,73,29,63,25,55,20,48,15,64,35,61,33,58,32,50,27,49,24,46,23,49,50,45,64,42,63,36,58
796,04708.jpg,13,22,34,20,57,19,78,18,19,30,28,29,34,29,58,28,66,27,74,27,48,49,34,66,49,65,63,64
797,04714.jpg,48,20,48,20,50,20,59,20,47,28,47,28,47,28,50,29,53,29,56,29,42,51,42,64,42,66,47,64
798,04727.jpg,23,20,40,20,55,20,70,21,28,28,34,28,39,28,56,29,61,28,67,29,48,50,36,66,48,67,57,65
799,04732.jpg,16,22,36,21,57,21,76,20,22,29,29,29,36,30,58,30,64,28,72,28,49,52,35,67,50,67,62,66
800,04733.jpg,21,22,37,19,53,19,71,19,27,30,33,29,38,29,55,28,61,28,67,28,46,48,37,66,47,67,58,65
801,04734.jpg,26,20,41,19,50,20,53,21,32,27,36,27,40,28,49,29,50,29,52,29,55,50,45,67,53,67,55,68
802,04738.jpg,31,20,42,20,54,21,65,21,33,28,38,28,41,29,53,30,57,29,61,29,48,51,40,65,47,67,54,66
803,04742.jpg,21,15,44,19,65,24,84,26,25,24,33,25,41,28,63,31,70,31,78,33,49,53,28,60,44,65,58,65
804,04745.jpg,12,18,37,19,63,22,84,23,18,26,27,27,35,28,62,31,70,31,79,31,48,52,28,65,46,67,63,66
805,04747.jpg,31,22,42,20,52,20,62,19,34,30,38,29,41,29,52,29,55,28,59,28,46,50,40,66,46,66,52,65
806,04756.jpg,32,20,42,20,53,21,65,21,35,28,39,27,42,29,53,29,57,28,61,29,47,51,38,63,47,65,55,63
807,04758.jpg,19,23,38,21,53,20,68,18,26,30,33,29,39,29,53,28,58,26,64,27,50,50,38,65,50,65,58,63
808,04762.jpg,17,20,34,21,55,21,76,19,22,28,29,29,35,29,57,29,65,28,73,28,43,52,32,66,46,67,61,66
809,04786.jpg,44,19,53,20,58,22,69,24,44,27,47,27,49,29,54,31,57,31,62,32,46,49,35,61,40,64,44,64
810,04790.jpg,62,22,60,22,59,20,67,16,55,31,55,30,54,31,55,29,57,26,60,26,49,49,39,64,42,64,42,62
811,04792.jpg,20,26,34,25,49,21,65,16,26,33,33,32,37,32,52,29,57,26,63,25,47,53,42,66,51,66,61,61
812,04796.jpg,40,9,64,18,78,32,91,52,40,18,48,21,53,27,72,43,78,47,83,54,51,43,22,49,36,57,45,67
813,04808.jpg,17,27,32,26,46,21,53,14,25,32,31,31,35,31,47,28,50,25,52,23,46,54,39,65,46,64,54,61
814,04812.jpg,58,23,53,20,51,19,49,19,53,30,52,30,51,30,49,29,49,27,48,27,42,47,41,62,40,61,41,59
815,04815.jpg,58,18,50,19,42,21,26,22,56,26,51,26,49,28,41,31,35,30,30,31,51,50,52,66,50,67,42,69
816,04816.jpg,73,22,59,18,46,16,33,16,67,28,61,26,57,26,43,24,39,23,34,23,48,44,52,61,44,60,34,58
817,04824.jpg,54,22,45,20,42,20,35,21,51,30,48,29,46,30,44,30,41,29,38,30,42,50,48,67,45,68,44,67
818,04828.jpg,12,22,36,18,59,18,81,20,18,30,27,29,35,29,59,29,67,28,76,29,49,46,32,65,48,65,61,65
819,04834.jpg,17,23,39,21,55,20,69,17,24,29,32,29,38,29,54,28,59,26,65,26,53,52,37,67,50,67,58,65
820,04840.jpg,44,23,44,20,50,17,58,17,42,31,43,30,45,29,51,27,54,26,57,26,40,46,39,66,41,65,47,63
821,04851.jpg,52,17,47,18,48,19,52,22,48,25,47,25,46,26,48,28,50,28,51,29,38,48,40,64,39,65,44,65
822,04863.jpg,9,23,29,21,53,20,78,19,16,29,25,28,32,29,57,29,64,27,74,28,44,50,33,65,48,66,65,65
823,04866.jpg,32,23,41,22,50,21,55,20,35,31,38,30,41,31,50,30,52,28,54,28,48,52,43,67,49,67,53,65
824,04876.jpg,31,22,38,21,47,20,55,20,34,30,38,29,40,29,50,29,52,28,55,28,45,50,42,66,47,66,54,65
825,04878.jpg,21,17,43,18,60,22,78,23,27,26,34,26,40,27,58,30,64,29,71,31,52,52,34,66,48,68,56,67
826,04879.jpg,24,17,47,21,70,24,87,25,29,24,38,25,46,28,69,32,77,30,83,33,55,54,36,63,53,67,65,68
827,04883.jpg,42,22,46,20,51,19,55,18,43,30,44,29,45,29,50,28,52,27,54,27,48,50,43,65,47,66,50,63
828,04886.jpg,30,20,41,20,54,20,69,22,32,29,37,28,41,29,55,29,60,29,66,29,45,50,37,65,46,66,56,65
829,04894.jpg,14,31,30,28,43,19,47,11,23,36,30,34,34,33,44,28,46,23,48,21,46,53,42,66,48,63,55,58
830,04896.jpg,12,20,37,19,61,20,80,20,18,26,27,26,35,27,59,28,66,27,75,27,52,50,30,65,49,66,62,65
831,04915.jpg,15,18,35,18,60,19,82,22,19,27,27,27,35,28,61,29,69,29,78,30,44,48,29,66,45,67,62,67
832,04920.jpg,22,17,41,18,60,21,82,25,25,25,32,26,39,28,59,31,67,31,75,32,45,49,29,63,43,66,57,66
833,04939.jpg,12,23,29,23,50,20,71,16,18,31,24,30,31,30,52,29,59,26,67,25,40,53,31,66,45,67,59,63
834,04942.jpg,67,19,53,18,42,19,27,21,62,27,57,26,53,27,41,28,36,28,30,29,50,46,53,65,47,65,41,66
835,04945.jpg,18,21,37,22,57,21,77,19,24,29,32,28,38,29,59,29,65,27,73,28,48,52,37,67,49,67,61,66
836,04950.jpg,59,24,51,19,48,18,39,17,55,29,52,28,50,28,45,27,43,25,40,25,48,49,46,65,45,65,42,63
837,04953.jpg,23,23,40,21,56,19,71,17,28,31,34,30,39,30,56,28,61,26,67,26,49,50,38,66,49,65,59,63
838,04956.jpg,19,23,35,19,52,19,70,20,24,31,31,29,36,29,54,28,59,28,66,28,44,47,36,66,46,65,59,64
839,04962.jpg,15,16,40,18,63,22,84,25,20,25,28,26,36,27,62,31,70,31,78,32,47,51,29,64,45,67,60,68
840,04969.jpg,21,20,40,19,59,20,76,22,26,27,33,27,39,28,58,30,64,29,71,30,51,49,35,66,50,66,59,67
841,04970.jpg,26,21,41,21,54,21,69,20,30,29,36,29,40,29,55,29,60,28,66,28,47,53,39,66,48,68,57,66
842,04982.jpg,24,21,46,22,62,22,77,20,28,30,36,30,42,31,58,30,64,29,71,29,50,53,32,66,43,66,51,65
843,04983.jpg,24,24,38,20,49,19,57,18,30,31,36,30,39,30,50,30,53,28,56,28,49,48,44,66,51,65,57,64
844,04986.jpg,53,23,51,21,52,20,54,20,50,30,49,30,49,30,50,29,51,28,52,28,47,51,42,64,44,66,44,63
845,05000.jpg,9,23,33,23,59,22,82,17,16,29,25,29,33,30,61,28,69,26,78,25,52,55,35,65,53,67,68,64
846,05006.jpg,8,32,26,24,48,17,72,14,15,37,23,34,30,32,53,27,60,23,69,22,43,47,35,66,49,63,67,59
847,05012.jpg,16,21,36,18,56,19,73,20,22,28,30,27,36,28,56,29,62,28,69,28,49,47,34,63,48,63,60,63
848,05018.jpg,27,21,40,20,53,20,64,21,31,28,35,28,39,29,53,29,57,28,62,28,48,51,38,66,47,67,55,65
849,05026.jpg,18,19,36,19,56,20,76,20,22,28,30,28,36,29,57,29,65,28,72,28,45,50,32,66,47,67,60,66
850,05027.jpg,11,21,33,20,58,20,80,20,17,28,26,27,33,28,58,29,66,27,75,28,48,50,30,64,48,65,62,65
851,05031.jpg,24,21,41,21,56,22,70,21,29,28,35,28,40,29,55,30,60,29,66,29,49,53,37,66,48,67,56,66
852,05036.jpg,55,18,47,18,47,19,47,21,52,27,50,27,48,28,48,28,48,28,49,29,42,49,48,63,44,65,46,65
853,05047.jpg,35,22,44,20,49,19,51,19,38,30,41,29,43,29,48,28,49,27,50,28,49,49,42,65,47,65,50,63
854,05050.jpg,54,19,44,20,42,20,42,21,52,28,50,28,48,29,46,30,45,30,46,30,43,50,53,65,48,67,50,67
855,05059.jpg,13,20,30,22,54,19,79,18,17,30,25,30,32,30,58,28,67,27,76,26,38,50,28,67,44,67,62,66
856,05060.jpg,7,17,34,18,67,22,89,22,12,25,22,25,32,27,66,30,76,29,85,30,54,54,26,66,52,69,69,69
857,05075.jpg,32,22,42,21,50,20,60,20,35,29,39,29,42,30,51,30,54,28,58,28,47,50,41,65,47,66,53,64
858,05082.jpg,73,21,57,19,43,18,29,17,67,28,61,27,56,28,42,27,38,25,32,26,48,47,55,63,46,63,38,61
859,05091.jpg,10,24,31,22,56,20,77,17,16,29,25,28,32,29,57,28,63,25,72,25,48,51,31,65,49,65,65,62
860,05094.jpg,15,19,39,21,60,22,80,21,21,27,30,27,37,29,58,30,66,28,74,29,50,53,31,65,49,66,59,66
861,05095.jpg,34,21,41,19,47,19,52,20,37,29,39,29,42,29,48,29,50,28,52,29,46,49,42,65,47,66,52,64
862,05106.jpg,17,19,39,18,58,19,75,20,23,27,31,27,38,27,57,28,63,27,70,28,52,48,36,65,51,65,60,66
863,05109.jpg,40,20,44,20,46,20,46,19,42,28,43,27,44,28,46,28,47,27,47,27,49,50,45,64,48,66,51,64
864,05110.jpg,20,20,39,20,58,21,74,21,25,28,31,28,38,29,57,30,63,29,70,29,49,51,35,66,49,67,59,67
865,05112.jpg,6,26,25,24,53,20,81,14,12,32,21,31,28,31,57,28,66,25,77,24,41,53,30,69,47,68,68,65
866,05113.jpg,26,21,41,20,52,20,67,18,31,29,37,29,40,29,54,28,58,27,63,27,47,52,39,65,47,67,55,64
867,05118.jpg,24,22,38,23,52,22,68,20,29,29,34,29,39,30,54,30,59,29,65,29,44,55,37,68,46,69,57,67
868,05137.jpg,15,25,34,21,53,19,73,17,22,32,30,30,35,30,55,28,61,26,69,26,46,49,36,67,49,66,62,64
869,05138.jpg,18,22,36,23,53,23,71,19,24,29,31,28,37,29,53,29,59,27,66,27,47,54,35,64,48,66,58,63
870,05163.jpg,18,35,29,28,39,20,44,15,26,39,30,37,34,35,44,29,45,25,47,24,47,49,48,65,53,62,59,57
871,05164.jpg,20,21,39,19,53,19,69,19,26,29,33,28,38,29,54,28,59,27,66,28,49,48,36,63,49,63,58,62
872,05169.jpg,35,21,43,20,53,20,63,20,37,29,40,29,44,29,53,29,57,28,61,28,47,50,41,65,47,66,54,65
873,05175.jpg,30,22,33,18,41,15,52,17,32,30,34,29,36,27,46,25,48,25,52,25,33,42,39,64,40,62,50,61
874,05176.jpg,40,23,47,20,51,19,56,17,41,30,43,29,45,29,50,26,52,26,54,25,49,51,42,62,47,63,50,59
875,05181.jpg,25,22,39,21,52,21,64,19,30,28,35,28,39,28,53,28,56,27,61,27,48,52,38,63,49,66,58,63
876,05214.jpg,81,34,69,29,59,22,50,15,72,39,67,37,62,36,52,29,50,25,46,24,47,52,42,66,37,64,30,58
877,05217.jpg,12,21,33,17,57,17,79,18,18,30,27,29,34,29,58,29,66,27,75,27,48,45,33,65,49,64,62,64
878,05224.jpg,63,22,49,18,39,18,24,19,58,29,53,28,50,28,40,28,35,27,29,28,47,48,55,68,49,67,43,67
879,05239.jpg,18,22,35,21,51,19,68,18,24,29,30,28,35,28,53,27,58,26,64,26,45,50,35,65,47,65,59,63
880,05242.jpg,15,20,37,21,57,23,79,20,21,27,30,28,37,29,57,30,65,28,73,29,48,53,33,64,48,66,60,65
881,05246.jpg,20,26,36,21,51,18,67,18,26,33,32,31,37,30,53,28,58,26,64,26,45,48,37,67,48,66,59,63
882,05261.jpg,24,20,41,20,58,21,73,19,28,27,34,27,39,28,57,29,63,27,69,26,48,53,34,63,48,65,59,63
883,05270.jpg,32,19,41,20,53,20,66,21,33,29,38,29,41,29,54,29,58,29,64,29,43,50,36,65,44,66,56,65
884,05272.jpg,46,21,44,20,47,20,50,21,46,30,45,29,45,29,48,29,49,29,51,29,44,49,46,66,46,66,49,66
885,05273.jpg,34,20,47,20,53,21,63,22,37,28,41,28,45,29,52,29,55,29,60,30,50,51,40,66,47,68,50,66
886,05283.jpg,7,21,33,21,60,21,81,18,13,28,23,27,31,28,59,28,67,26,76,26,54,52,30,66,52,66,66,65
887,05286.jpg,35,21,43,21,49,21,55,20,38,28,41,28,43,29,49,29,51,28,54,29,47,52,42,63,47,65,52,63
888,05289.jpg,15,20,37,22,62,21,85,21,20,29,29,29,37,30,63,31,71,29,80,29,44,53,29,63,44,65,64,63
889,05294.jpg,18,30,31,25,46,19,57,14,25,36,31,34,35,33,49,28,53,25,57,23,46,50,43,68,51,66,61,61
890,05302.jpg,20,17,41,18,60,20,79,22,24,26,32,26,39,27,59,29,66,28,74,29,52,51,33,63,51,66,63,65
891,05303.jpg,10,23,35,22,56,22,78,19,17,29,27,28,35,29,56,29,64,27,73,27,49,53,31,62,48,64,63,61
892,05314.jpg,31,23,37,20,44,18,46,19,34,31,36,30,38,30,47,29,49,27,49,27,45,47,43,67,48,66,54,65
893,05322.jpg,54,22,51,20,52,20,46,21,51,29,50,28,49,29,50,29,49,28,46,29,49,49,44,65,46,65,46,64
894,05328.jpg,16,18,41,20,60,22,74,22,23,24,30,25,37,26,57,29,61,28,68,29,53,52,30,61,48,65,57,63
895,05329.jpg,22,29,36,25,47,20,52,16,29,35,33,34,38,33,48,29,50,26,53,25,49,50,44,67,51,65,57,61
896,05330.jpg,25,22,35,21,50,18,67,17,29,31,33,30,37,30,55,28,60,26,66,26,40,50,38,67,45,67,59,65
897,05351.jpg,10,36,35,27,47,20,48,12,22,41,30,37,38,36,48,29,49,25,52,23,62,44,56,66,65,59,68,55
898,05364.jpg,22,24,34,22,49,18,63,16,27,32,32,31,36,30,53,27,57,25,62,25,43,48,39,69,47,66,57,65
899,05370.jpg,33,22,42,21,52,21,61,21,36,29,39,29,42,30,52,30,55,29,59,29,47,52,41,66,48,67,54,66
900,05371.jpg,28,22,38,20,50,20,63,21,32,30,36,29,39,30,52,29,57,28,61,29,44,49,39,67,47,68,56,67
901,05374.jpg,16,22,36,18,56,19,74,20,22,29,29,28,35,28,57,28,63,27,70,28,46,47,32,65,46,65,60,64
902,05395.jpg,80,27,68,23,58,18,52,14,71,33,67,31,63,31,53,26,51,23,48,22,49,45,46,61,41,59,34,55
903,05404.jpg,52,22,48,21,46,19,39,19,50,30,48,29,47,29,45,28,43,28,41,28,48,49,48,65,47,66,44,64
904,05407.jpg,26,20,43,20,56,20,67,18,31,28,36,27,41,28,54,28,59,27,64,27,51,52,38,67,49,67,56,66
905,05409.jpg,20,19,41,19,59,21,75,22,25,27,32,27,39,29,58,30,64,29,70,30,52,51,35,66,50,67,59,67
906,05413.jpg,14,21,36,23,58,24,78,21,21,28,29,28,36,30,58,30,65,28,73,28,51,55,34,63,50,66,63,63
907,05417.jpg,30,21,40,19,49,19,58,20,34,29,38,28,41,29,50,29,53,28,57,29,47,47,43,63,49,63,54,63
908,05425.jpg,39,20,44,20,45,21,46,20,42,27,43,27,44,28,46,29,46,28,47,28,47,51,47,63,49,65,50,64
909,05427.jpg,32,22,41,19,50,19,58,19,36,30,40,30,42,30,51,30,54,28,57,29,48,48,44,65,50,65,56,64
910,05433.jpg,64,23,54,20,47,19,38,17,58,29,54,29,52,28,46,27,43,25,40,25,47,49,48,65,44,65,40,62
911,05447.jpg,24,20,38,22,49,23,66,20,31,27,37,27,40,29,51,30,56,27,63,27,47,54,42,59,50,64,61,60
912,05454.jpg,25,21,40,19,54,19,66,21,30,28,35,28,40,28,54,29,58,28,63,28,49,48,38,62,49,64,57,62
913,05457.jpg,9,19,32,20,61,21,84,20,15,27,24,27,33,28,61,29,70,28,80,28,48,51,28,62,48,65,67,63
914,05459.jpg,11,23,33,20,57,18,78,15,18,31,26,30,33,29,59,27,66,25,75,25,51,49,35,65,52,64,67,61
915,05460.jpg,25,22,37,18,49,18,56,18,30,29,35,27,38,28,50,28,53,26,56,27,48,46,41,66,49,64,56,65
916,05469.jpg,37,25,43,24,48,23,54,21,40,33,42,33,43,34,49,33,51,31,54,31,46,57,46,73,49,73,52,72
917,05470.jpg,14,23,35,22,58,22,78,18,21,29,29,28,35,29,60,29,67,27,75,27,50,54,35,64,52,65,66,62
918,05480.jpg,18,26,35,20,51,17,68,15,24,33,31,31,36,30,54,26,59,24,65,23,44,47,36,67,47,65,59,62
919,05491.jpg,61,22,48,20,42,20,34,19,56,30,52,29,49,29,44,29,42,28,38,28,42,52,49,67,45,67,44,66
920,05492.jpg,31,23,43,21,53,20,63,20,35,29,39,28,42,29,52,29,56,28,60,28,49,51,40,67,49,67,54,66
921,05495.jpg,31,22,43,22,53,22,63,21,35,29,39,28,42,29,53,29,56,28,60,28,50,52,41,66,49,67,54,66
922,05500.jpg,72,19,56,17,41,17,24,19,66,26,60,25,55,25,39,26,33,26,27,26,47,46,55,61,46,62,35,61
923,05510.jpg,33,20,44,20,54,22,65,22,35,28,40,28,43,29,53,30,57,29,61,30,47,50,38,63,46,65,52,64
924,05525.jpg,37,20,45,19,53,21,61,21,38,29,41,28,44,29,52,30,55,29,58,30,47,50,40,66,46,66,50,66
925,05527.jpg,15,33,30,27,44,18,52,11,24,39,30,36,35,35,47,27,50,23,54,20,49,51,48,68,53,64,62,59
926,05529.jpg,34,20,43,18,51,18,60,21,36,28,40,27,43,27,51,28,53,28,57,29,45,46,38,62,43,63,50,63
927,05531.jpg,59,20,48,18,43,18,34,20,55,28,52,27,49,28,44,28,41,27,38,28,44,43,50,60,45,60,43,60
928,05542.jpg,24,23,40,20,55,20,72,21,28,30,34,29,39,30,56,29,61,29,68,29,46,50,36,66,46,67,56,66
929,05544.jpg,19,26,36,24,50,22,67,18,26,31,33,30,38,31,53,29,58,26,65,26,47,55,40,64,50,67,63,61
930,05545.jpg,21,22,37,21,52,20,69,19,27,29,33,28,38,29,54,28,59,27,66,27,45,50,36,63,47,65,59,63
931,05556.jpg,26,20,42,19,57,20,71,21,30,28,35,27,41,28,56,30,61,29,67,29,49,50,37,66,50,67,58,66
932,05559.jpg,12,21,35,21,58,21,78,20,19,27,27,27,34,28,57,29,64,27,73,27,49,52,31,64,48,65,63,64
933,05563.jpg,50,19,49,21,50,21,50,20,47,28,47,28,48,29,49,30,49,28,49,29,47,52,43,64,45,66,45,65
934,05565.jpg,8,18,32,20,63,23,87,23,14,26,24,27,33,29,63,31,73,30,82,31,47,54,26,65,48,68,67,68
935,05566.jpg,38,19,47,20,54,22,63,23,39,27,42,28,44,29,53,31,55,30,58,31,48,51,38,64,45,66,49,66
936,05584.jpg,23,21,41,21,53,21,69,21,28,29,36,29,41,29,54,30,59,29,65,30,46,52,37,63,45,65,56,63
937,05591.jpg,18,19,37,19,57,20,76,20,23,26,30,26,36,27,57,28,63,27,71,28,45,50,29,62,44,64,59,63
938,05597.jpg,66,17,47,18,29,22,11,24,63,25,55,26,49,27,31,31,24,30,17,32,47,47,61,61,50,63,39,64
939,05603.jpg,28,17,47,21,62,24,80,27,31,25,38,26,44,28,61,31,67,31,74,33,48,52,31,59,45,64,56,63
940,05605.jpg,32,21,43,21,52,22,63,20,36,29,39,29,42,30,52,30,56,29,60,29,47,54,42,66,48,68,54,66
941,05619.jpg,21,21,39,21,52,22,63,21,26,29,33,28,37,29,52,30,56,29,61,29,47,52,35,62,45,65,55,63
942,05624.jpg,57,19,48,18,42,20,27,21,55,27,51,26,49,27,41,29,36,29,31,30,52,44,53,63,50,62,44,64
943,05625.jpg,14,19,37,18,62,20,80,20,20,27,28,27,36,28,60,29,67,28,75,29,54,49,34,66,52,66,63,67
944,05639.jpg,58,22,48,22,44,21,37,19,56,29,52,29,50,29,45,30,43,28,41,28,48,52,54,65,50,66,48,64
945,05642.jpg,14,30,33,25,48,20,58,15,22,36,29,34,35,33,49,29,52,25,57,24,50,51,42,66,52,64,60,59
946,05648.jpg,17,22,35,20,55,19,72,18,23,29,30,29,36,29,56,29,61,27,69,27,48,50,36,66,49,66,61,64
947,05658.jpg,21,16,39,18,61,21,82,24,24,25,31,26,38,27,61,30,69,30,77,31,44,50,28,62,43,65,60,65
948,05663.jpg,43,23,45,22,45,21,40,18,45,30,45,29,45,30,45,29,43,27,41,27,47,52,46,63,47,65,47,62
949,05670.jpg,18,26,35,20,50,18,66,18,25,32,32,30,37,30,52,29,57,27,63,27,45,47,38,67,48,66,59,64
950,05673.jpg,20,22,37,20,54,19,68,19,26,29,32,28,37,29,55,28,59,27,65,27,49,50,38,66,49,66,59,64
951,05677.jpg,45,23,44,20,47,19,53,20,44,30,44,29,44,29,49,28,51,28,52,28,40,49,43,68,43,68,48,67
952,05683.jpg,34,20,46,21,57,22,73,20,35,29,40,29,44,30,55,30,61,29,67,29,47,52,38,65,45,66,51,65
953,05684.jpg,30,22,38,21,48,21,56,20,34,29,38,28,40,29,51,30,53,29,56,29,48,51,45,65,51,66,57,65
954,05686.jpg,69,24,54,20,45,17,39,15,61,31,57,30,53,29,45,26,43,24,41,23,39,49,45,67,40,66,37,63
955,05687.jpg,26,21,40,19,54,19,65,20,31,29,36,28,40,28,54,28,58,27,62,28,49,48,38,66,48,65,56,65
956,05690.jpg,45,17,46,15,46,17,42,19,46,25,46,25,46,25,46,27,45,27,44,28,50,42,49,63,50,62,49,64
957,05692.jpg,63,18,49,17,39,19,25,21,59,27,54,26,50,27,40,29,36,29,30,30,46,47,53,65,47,66,42,67
958,05693.jpg,63,19,50,19,40,20,25,23,59,27,54,27,50,28,40,30,36,30,30,31,46,48,53,65,46,66,41,67
959,05694.jpg,9,11,34,18,67,24,92,30,12,21,22,23,32,27,68,33,79,34,88,36,43,53,19,56,43,65,69,65
960,05710.jpg,28,21,41,20,55,20,68,19,32,29,37,29,42,29,55,29,60,28,65,29,49,50,40,67,49,67,56,66
961,05717.jpg,10,20,33,20,59,20,84,18,16,28,26,27,34,28,61,28,70,27,80,27,47,50,32,66,49,66,66,65
962,05737.jpg,40,19,47,18,51,19,54,20,42,27,43,27,45,28,50,28,51,28,53,28,51,49,45,64,49,65,50,65
963,05747.jpg,40,23,43,21,47,20,49,19,42,30,43,29,44,30,48,29,49,28,50,28,47,49,46,65,48,66,51,64
964,05751.jpg,10,19,35,15,63,16,85,21,16,27,25,26,34,27,63,29,71,28,80,29,50,41,29,62,49,62,65,63
965,05755.jpg,33,21,42,19,50,18,58,18,36,28,40,28,42,28,50,27,53,26,56,26,45,49,41,62,46,63,51,61
966,05756.jpg,70,19,53,19,39,19,24,20,65,27,58,26,53,26,39,27,34,27,28,28,48,49,56,62,47,65,38,63
967,05767.jpg,46,23,44,22,45,20,42,18,46,31,46,30,45,30,46,29,46,27,45,27,46,53,49,66,49,67,50,65
968,05769.jpg,46,18,55,21,62,23,74,23,45,26,48,26,51,29,59,30,63,30,67,31,50,52,37,61,44,65,49,64
969,05777.jpg,52,26,48,22,46,19,42,16,49,32,48,31,48,30,45,26,44,25,43,24,47,50,47,64,46,64,43,59
970,05780.jpg,11,22,31,22,56,20,78,17,16,31,24,31,32,31,58,28,66,26,75,25,45,52,30,67,47,67,63,64
971,05782.jpg,55,21,51,17,47,17,46,18,52,27,51,27,50,26,46,26,45,26,45,26,44,44,44,58,42,60,43,58
972,05786.jpg,16,18,39,19,60,21,81,23,21,26,30,27,37,28,60,30,67,30,76,31,46,50,29,61,45,65,61,63
973,05787.jpg,22,21,39,20,57,20,70,20,27,28,34,28,39,29,56,30,61,28,67,29,52,50,39,67,52,67,60,67
974,05790.jpg,11,20,35,17,62,19,84,21,17,27,26,26,34,27,62,29,70,28,79,29,51,49,29,66,50,67,64,66
975,05800.jpg,18,20,39,20,58,21,78,21,24,27,32,27,38,27,59,29,65,28,73,29,47,50,32,62,47,65,62,63
976,05804.jpg,13,20,35,20,59,21,81,20,19,28,28,28,36,29,59,30,68,28,77,29,49,51,33,65,49,66,63,65
977,05808.jpg,33,22,43,18,52,19,59,19,35,29,39,28,42,28,52,28,54,27,57,28,48,48,40,67,46,66,52,66
978,05823.jpg,33,22,45,19,54,18,62,19,36,28,41,27,44,28,53,27,56,27,60,27,50,49,42,66,48,66,53,66
979,05825.jpg,38,21,47,20,50,20,56,21,40,28,43,28,45,28,50,28,52,28,55,29,49,47,43,61,47,63,50,61
980,05828.jpg,42,22,47,21,49,20,52,18,44,28,45,27,46,27,48,27,48,26,50,26,50,51,44,63,47,65,49,61
981,05830.jpg,21,21,39,20,56,19,77,19,26,29,34,28,39,28,58,28,64,27,72,27,44,50,34,64,45,65,60,63
982,05851.jpg,30,22,42,21,52,21,61,20,34,29,38,29,42,30,52,29,55,28,59,28,48,51,41,65,49,66,55,64
983,05854.jpg,13,18,38,17,61,20,83,23,19,26,28,26,36,28,61,30,69,30,78,31,50,48,31,66,48,67,62,68
984,05860.jpg,39,18,45,21,47,23,43,24,41,26,42,27,43,29,46,31,45,31,45,32,52,53,47,65,50,68,49,68
985,05867.jpg,14,21,35,19,58,19,80,20,20,28,29,28,36,28,59,29,66,27,75,28,48,49,32,63,49,64,63,63
986,05870.jpg,62,20,51,19,43,21,29,22,58,28,53,28,50,29,42,30,38,30,33,31,48,49,51,64,46,66,40,65
987,05871.jpg,59,23,53,20,48,18,44,17,55,30,53,29,52,28,47,26,46,25,44,25,46,49,46,64,44,64,43,61
988,05873.jpg,19,20,37,18,55,19,73,20,25,28,32,27,37,28,56,29,62,28,69,28,46,48,35,65,46,66,58,66
989,05891.jpg,46,24,47,20,50,20,51,20,45,30,45,29,45,29,49,28,49,28,50,28,45,49,41,66,44,66,46,64
990,05892.jpg,38,22,44,19,51,19,55,20,39,29,41,28,43,29,51,29,53,28,55,28,50,47,43,65,49,65,53,64
991,05903.jpg,11,21,34,22,57,22,80,20,18,28,27,28,34,29,58,30,66,28,75,28,47,53,31,61,49,64,65,61
992,05912.jpg,56,23,53,20,49,18,44,17,53,30,52,29,52,29,47,27,47,25,45,25,50,49,48,64,47,64,44,62
993,05931.jpg,28,20,42,21,54,22,62,21,33,28,37,28,41,29,52,30,55,29,59,29,50,52,39,65,48,66,53,66
994,05937.jpg,36,27,48,25,60,21,74,17,38,34,42,32,46,33,59,30,64,27,70,27,51,53,41,69,51,68,58,66
995,05948.jpg,49,19,48,19,47,19,37,19,48,27,46,26,46,27,46,28,43,27,40,27,52,48,46,66,49,65,47,66
996,05959.jpg,11,29,29,25,46,20,61,13,18,35,25,33,31,33,49,27,54,24,61,22,48,52,41,65,52,64,63,58
997,05961.jpg,33,20,44,19,52,19,60,20,36,27,40,27,43,27,52,28,55,27,58,27,49,49,41,64,48,65,54,64
998,05968.jpg,12,30,29,24,48,19,67,15,19,36,26,33,32,32,52,27,58,25,65,24,45,49,38,67,50,65,64,61
999,05992.jpg,68,20,56,19,45,19,28,19,63,27,58,26,54,27,41,27,37,26,30,26,48,49,48,62,43,64,34,62
